distance_m,ps0,ps1,ps2,ps3,ps4,ps5,ps6,ps7
0.8828048095889103,63.661986392768526,69.72902373751984,63.764686564764126,68.31835944115898,61.33395877391072,66.76852741590989,71.48557095442982,69.98390175304829
0.8830135912216333,67.79212422639874,68.71471178911493,71.72911516248047,70.27284207699638,65.12323371561816,70.23625733432512,69.9682797330093,67.0684301241127
0.883206198461463,69.65102445933502,66.59716278911816,62.72145560694713,66.81719804950698,67.91515692747836,69.74630043932844,65.80231044871363,65.04791981242943
0.8833818119028458,62.822918280007435,67.04181261225409,64.97159379863234,67.4289619275618,64.47864997406009,63.38677652571192,68.08024756492544,70.8050159716955
0.883541463671899,72.76020843703861,68.85290062479334,63.73115423201243,66.48059923421282,66.5327113795977,64.20646442918029,74.82776379635463,64.9405119371097
0.8836829279212114,66.83767316804558,60.77796243616181,57.39907490458216,68.63013710310624,58.89512668185592,69.27001688675018,71.09819316326478,59.88680879021298
0.8838057777454843,67.05578931199047,72.75844863056022,71.89432167303846,65.89048608150355,61.55329742905028,67.64144326000265,67.55304238632345,64.9923054327153
0.8839097147188029,71.16212433205023,66.8273302930709,67.12673896939106,66.32599338023135,65.57367933306284,54.66788724248961,64.85075973104982,72.53495022642717
0.8839945169890925,70.14256897284444,69.06712798467719,61.35353119302679,69.8331272980764,65.33383297651572,64.64161959475977,71.60147956838499,68.78820378143172
0.8840600214698208,63.284387955928416,63.42266960946911,74.12034531958615,68.4568694730388,66.61464121437402,70.78224464206129,68.14640803173114,63.746205481911275
0.8839857128240214,68.09786643640629,69.4194044118152,69.67955265263906,65.876334691924,73.48717565907434,65.62216648323336,66.45167333172259,66.56417159222529
0.8782788493071326,68.15500764082111,66.60973873555463,60.3387528670366,64.81628776062458,67.73475469462775,66.99590158750681,67.1129761903214,73.45421843247843
0.8724307438936005,66.61884897556057,68.6791909262602,62.182255119418606,61.45962502793987,67.8788553899973,72.35805931929366,67.5776076592859,68.48916154555997
0.8696491583128141,69.8089163927495,65.16600472560347,66.02356361090541,71.23676795223558,65.37089541997756,70.9666572520742,70.7336362441394,69.76329198996213
0.8653327452165067,67.51036077066911,67.67297929552656,69.29532875800695,62.06946648486711,66.30708791724884,68.28440776068838,71.3196517196158,65.36160816712817
0.8609681821427476,72.05570758177198,73.65669671443409,67.12451686069434,63.063389288891486,63.23479131612567,62.727858419068184,67.62864513043988,63.58387453688988
0.8572142362366848,61.20973534693474,66.10801796624938,69.33403643362249,67.37587211248999,65.98725132236257,69.81161686957132,70.83771848343014,67.34719874909506
0.8534535071924744,62.09980496563806,67.02902438839966,63.97857443854257,62.7770968956903,67.2133859354629,69.30811227741329,67.90401761869366,67.00608341256661
0.8496863303792781,67.68560293462238,68.84568910579472,67.93551449444392,68.93266534337046,60.30423657014282,66.03006092252974,66.10870635596162,64.65618201947163
0.8459148180805727,63.67526268489749,66.65255882211127,65.77056237111917,69.24433567175825,65.75628917288054,69.95946624903753,66.85984260952141,70.41759489663002
0.8421408458822237,67.98643925551187,72.49250264138178,62.879301611515196,62.22424815227174,69.92697390725652,57.99336251098871,64.40344410122741,65.15718145869552
0.8383658424918493,67.5216815757565,63.6217357561494,68.00210673660054,67.16666388645595,66.7193409479038,66.48074128735796,65.89950953293825,68.8061899604429
0.8345906866907775,63.59491020911424,70.76433702472498,62.48480808713583,67.76150680946114,65.90611952637524,70.07303290827403,66.8569798510185,71.37169846118785
0.8308156906368889,70.30293326684695,68.10968392290023,72.24533433367228,68.83517578254886,67.59186521978165,63.78834611737699,63.18959349112682,59.7798550276289
0.8270406491841117,61.13992342024029,71.62685227003976,66.4682076704985,73.18001375996928,66.32879368162986,64.54200724186639,71.64057179342885,67.00692401750649
0.8232648954175884,61.60455394270448,66.83039183891319,70.11542486395969,64.93063205367022,64.93473809872776,69.84891334879892,67.2797762737595,71.0005288591915
0.8194874892472271,71.00232970353942,66.97532554235619,69.04923747046836,66.13298915438094,65.1814748731116,68.78600714611939,64.51813511627343,64.19443077571722
0.8156885002238705,66.0489140725588,69.5200391717406,64.08473507772814,67.37941858184395,66.58705531443566,64.00172385323336,68.43477205938383,61.02928552364988
0.8118868063310426,68.19446888992493,62.73852068767644,64.70579087942907,64.82585171743116,66.5962860543612,69.33000903218414,72.36520865691129,77.66088018593223
0.8080825051093333,67.38995048102235,69.1459437570925,68.03143010633288,73.28201161373205,66.29680865927644,75.05963398062659,72.14225835230866,71.82952717308947
0.8042757806863561,70.05887111468668,68.45938644181113,68.10623313004513,69.47435152469842,64.81653064506779,65.84942502023796,67.63386395514527,67.68694847738888
0.8004669345408149,68.26566612316678,63.977090639753634,64.97994650145726,69.80364990706575,68.53292398688916,60.44383629667953,65.40960487042054,71.61977178193285
0.7966563922428841,61.08304121625122,64.81566347712115,68.83450051222306,67.6713748985976,70.51400804883738,70.53305660734921,71.2331535049418,62.70426522033861
0.7928447080762278,67.84275555263676,64.9620656935114,66.53523061676134,65.63433757572432,66.25912301548948,65.14656801546887,67.48781510112907,70.89638077656744
0.7890325272246357,66.70523222625043,69.57860819154764,68.45714000787711,69.18179880543511,72.07228297753755,63.886536037850966,70.21240850830432,68.10650436049521
0.785220564336058,63.93030761970016,67.5460744203481,65.58889202253395,70.75142888342315,65.11530560947352,57.556797390693255,71.66891987614186,72.79515824438434
0.7814095680629032,68.88363469423108,67.96822811360045,59.91759350751059,70.44373551592953,67.7424801385245,61.935876407789614,71.86714751410004,62.97697019426108
0.7776002772544219,64.86489478572544,64.37886847464853,73.33785553714537,66.57741822584765,71.62880599330025,62.83843825505532,69.73095253623872,68.41774510566636
0.7738817919851237,69.4342126191179,64.21991962298705,62.05856642316769,65.25175123494662,67.80903489616884,75.58882724563257,68.68228232622985,67.71404436049659
0.7719652389007088,67.1313692535349,69.08951836223979,64.69805490636142,62.681070036660934,69.4682444737883,62.994764953048524,75.48248510626301,67.76805542177144
0.7701410196501249,60.621618139376125,66.94680100554386,59.569401773136995,69.19499455455633,62.02708167082245,76.03938583535982,69.9486325112908,61.11794510113439
0.7653267370965863,64.77210952035684,65.53997936878604,69.66056359446348,72.6940375791872,66.17111906584984,64.48290572699078,69.99155848327658,66.51169494972697
0.7619983826781719,70.29119634312704,68.80899272795173,69.93316219838199,67.34808437071285,67.28677266615678,69.73584003581107,67.05759606860664,68.57975809255444
0.7586792865714369,65.15052413343444,66.65324597400127,66.78943259857357,67.94418204503765,62.09191768294429,69.94049752351164,70.270211442569,70.8206671296129
0.7548322773238563,68.34520883388896,68.66287926118123,58.75393259858488,63.2628671858288,65.32710422667913,56.08950405865785,70.21637712217183,67.05204824742592
0.7509690113000792,68.63351018003742,66.80157636609998,67.79922573429351,67.24734536447393,67.17563779130072,66.70782226324516,71.65718287312501,66.73442120859
0.7470932591715044,65.1365713039673,68.08960255206075,67.18921379490693,62.233255140879685,69.18939854752217,66.59063429282875,63.703116705044195,64.69402976096212
0.7432095687223891,62.48991501690449,67.82043577354152,69.41174347983892,69.81582691180765,67.18394327187733,63.899993298387315,70.81674679132945,66.94675070478714
0.739322919827165,65.9944812720689,60.02375650040428,64.68913699776087,70.95986332135574,69.3481485108044,68.81013803977399,72.8475265885901,70.22348529640429
0.7355073396325816,67.60971276276068,68.88603745226729,76.02879797028511,65.343085651339,64.83474407425334,64.03271721709376,67.93802567257471,66.00593063955688
0.7316945322582821,71.37435306265381,70.46145313934758,64.84223933053164,68.31021747182376,72.37499725961365,69.04044910880235,73.19568649565149,65.07857736679142
0.7278848626840793,61.153708158092876,70.02914755758012,67.0784423420995,70.57090202204975,68.86741852420542,71.6409636971672,71.13809733749356,63.08182565680517
0.7240783610515026,70.2062665483798,69.22178520299991,61.744751397352715,56.29603695576607,67.0221934635917,70.65647426571985,75.24642881235398,67.10887273323281
0.7202747456898876,69.1366384977363,67.9389440568884,67.88922161852614,63.56839898980187,65.9037950116283,68.11827349510001,64.42713139699228,71.51532887478574
0.7164734699672024,60.904616637598785,62.424796409431096,64.31033178505707,66.07859960281249,69.54090068579498,63.2238058599672,67.87847909753154,67.03607790637399
0.7126737749694585,72.45259490509656,63.653753735054835,69.88473976332524,70.08185658575935,70.5812776264923,67.11296046869715,71.312994493237,62.8848646310633
0.7088747543461886,68.73590609219423,70.75931004939791,63.95483056952913,80.23126250212363,66.26385052191881,66.32377642536181,67.71128296518671,65.57290647603891
0.7050754257064361,60.29108144058894,65.24262393575329,66.92486287064956,69.60200805888928,66.79734949288417,66.31780160049924,65.73243171238693,66.63059164575631
0.7012748049217541,75.4279720122619,70.94799503758614,62.2937760112908,69.02948346315296,71.59288471007,72.41873490858967,70.56430725403968,71.96117762388212
0.6974719845980105,60.268951833539525,64.94076504418291,68.20473492719489,65.52863479497157,64.64478467360772,65.98768439985672,66.01569091757855,71.33692337953762
0.6936661841391515,61.885831857473555,66.83007372972597,66.73777752416605,64.99979602031999,68.35835465263028,67.77316842902326,66.4244239818531,74.6173265692092
0.6898568123018232,70.76601770912937,61.350846987048335,66.7528023170123,72.9837479756856,70.87598078705322,72.27052635911721,73.21315056489235,72.23577039255221
0.6860416519793172,60.78097719868294,61.83370242741243,73.22750144041524,64.86724428342217,65.07785437665501,62.36613524015855,65.11768848206705,69.71000640987208
0.6822225641189187,67.37960832659486,65.39611023476327,67.359157308597,66.48914204395744,66.94878966827245,65.39336631259916,60.76912695949773,60.85448232322236
0.6783998097248904,66.7032468900493,69.02788678797975,70.14534171632859,72.25377097741568,68.89109895805835,68.21566953357159,69.36731434582074,69.96420362073705
0.6745738924704008,67.83762730613402,71.7715731272238,66.07947359560752,61.67448689537143,69.81159376539952,69.19758469503473,70.93231058498534,68.18043214114003
0.670745528750111,70.5076591173661,68.9705864556402,71.64098208296406,66.69672940328348,68.18057905762288,63.60189397339675,66.52795674371947,75.63123849289815
0.6669156048657652,66.08602105610824,65.96222757935644,69.94788411860655,69.44293349127345,64.82910953452918,64.24393581903186,68.07392591944078,66.79946687366517
0.663085123781433,66.72391550832374,70.43980736859605,71.9585549522836,68.49675584975803,65.13473390701677,67.9558259813901,70.63140301837716,70.0269417669678
0.6592551447612769,63.34576561301847,67.99423429438481,62.4239318430636,69.60112812317875,61.295695229697984,65.7888138335684,63.58350940066161,74.71773851384467
0.6554267195913867,60.36291461183162,68.2777564017274,65.43397256676309,66.0893510129268,68.73313269851249,70.67747152287592,66.46898891764022,69.10410288785047
0.6516008292647116,68.36067932833865,66.30767644654853,72.6210761159648,67.47609299340326,65.69198910533196,70.65604750530879,58.09196201290661,71.53001024521781
0.6477783249622295,68.7264704705018,73.34689495630114,71.497103600712,67.10641267869171,62.84561323853507,68.47427935878972,61.836619737671,62.58123120969895
0.6439598768938037,68.56132646115717,58.56004292442853,65.85947891473536,64.54100808309029,73.11462426392612,67.15525873985092,64.59486369648887,71.31185980027549
0.640149221609822,65.26129212817548,65.91026597663539,63.22667930033483,67.35062020592301,71.24667284809901,68.13827292465997,72.63871276746922,68.4387569915544
0.6363430755038779,64.81013447868897,70.97787578526203,64.49324059321401,68.19948265118204,68.09393280674762,69.90572404329295,61.21593629563273,64.7106811975101
0.6325411951092765,69.03915285321173,64.4380991452073,63.052290810626296,66.69385660642774,68.32682938404744,67.51551842591557,66.7802261039468,65.30879983693104
0.6287431035719264,67.77168696535405,64.19135301044773,69.20896988821796,67.15719632653816,65.76196805202525,64.12851960613698,67.62314721203248,66.16316989963474
0.6249481196434392,65.48249230302575,67.12887860795017,64.42477938161218,64.74247312637199,66.08652614238137,70.92113073942767,66.41659100054699,70.79079678743362
0.6211553988401372,70.59869007395541,71.69328188041202,66.88877254225334,69.14953110318035,67.10227093121689,72.15248524898136,62.530945685643665,65.60137246063553
0.6173639843838381,64.23016064158219,60.94483766434069,67.52909671856949,64.87301974221579,64.01674909725796,63.30180169528046,68.95145196183556,71.11838989277229
0.6135728648474235,59.832674288544,65.21559647380757,68.65989640597608,65.67348588467077,66.47263736958371,67.25067607222178,66.0736485378678,69.13723735200934
0.6097810350368218,65.77550385139455,67.62566862489057,71.74454809069448,66.50309937159761,68.81334082833966,70.09581681119757,68.68249673997438,71.92590419699032
0.6059875564606213,69.29070547317664,67.82640189663165,61.10606307275764,70.52757233351589,61.78794035811536,74.52529467645148,66.11525680792732,70.30367564669554
0.6021916137771979,67.93520466652288,63.874942387277464,63.89527605199901,60.213860911734294,67.62909426605397,67.27249393096105,66.37628189975928,69.7482531874856
0.5983925638618348,62.878848063033566,63.762372621254116,64.4500292650124,68.47988494715736,72.43247894195552,69.20899996018755,63.286353989616586,70.9829678040987
0.5945899745853339,63.31035688223175,62.740252396378445,66.38223171279223,64.80726188489373,66.05301770713002,70.18000978295682,66.36927716369051,66.82993731702197
0.5907836510125974,70.49219948433083,66.67496626675727,68.6726784057722,70.68899513341692,68.3329119109219,67.22893714620433,70.0976197174393,69.84881064336533
0.5869736474775376,65.58070426648344,65.83258856588044,67.22930776766849,66.85372686454865,67.55419553052594,62.422318179642005,69.9599184576023,68.93950300486259
0.5831602648258317,61.34995364993642,72.74303620089286,64.65956289011514,67.9389033685268,66.88847867335912,72.05188309268505,59.60214650989582,70.25356921721892
0.5793440329919197,68.00648819466039,68.51087907757179,71.44573621646286,66.48454298724215,61.05451762052415,67.21435338711771,66.10287083663094,75.58912269614915
0.5755256799417814,69.59578310628815,65.32277139871869,62.03898654607213,69.96014874814706,69.91814019730457,64.86973621605188,67.46894585399006,68.4556110702302
0.5717060888194934,64.79178938318461,74.41264655746859,78.149732965701,67.96307797919398,67.94959130453194,70.83742439793207,61.605275333483085,68.13487056538186
0.5678862458370739,63.60838699323437,65.780101378131,69.43613864861476,63.946906037698284,71.89345474580362,68.1182819047581,58.248559176850485,64.98553436669727
0.5640671820024198,68.32764581326215,62.00227108033511,65.2244668801733,73.33066130052421,65.65782305067998,60.77400632088593,70.20277284831322,66.86874069966451
0.5602499121553219,69.04186430802119,66.00217620241338,70.23242410496366,67.73817970256371,63.1111224960643,74.41874090009141,63.104598852534465,68.13464477872323
0.5564353749522887,67.24590520971445,64.5477293312462,62.555125992489415,66.86326960300892,70.30292868779102,74.1468400504248,71.5671377573753,65.31357526605306
0.5526243773945065,68.61769208373626,62.29467299180722,68.1357089264743,63.06793836523535,64.62605579784494,64.58684544893144,64.97967507507182,65.43536554679173
0.5488175472298975,70.93692358233122,68.47806460660456,67.52339737348429,67.14709833969734,64.19480357905546,70.56242970281671,69.54808073862633,69.45940684726948
0.5450152960936904,66.77777676183692,64.42805889757393,71.8959371604506,67.0227857923605,67.94650355290216,69.3708056480975,72.65574184302338,67.78800136060256
0.5412177956091302,68.28215426354151,63.82323979445705,71.5977597729276,58.749690399530145,70.31343445291611,63.780548629811825,66.97773988799433,65.0828052920554
0.5374249678895521,73.94233252468666,72.71016828923536,71.58586284260691,72.09383605739302,70.49643758277317,63.153833731525566,66.71182513746172,64.59724591642353
0.533636491013028,72.18310041440203,65.42755692689627,67.24511781925048,69.3317645628427,67.65633414483378,74.90933664330512,62.98024378756488,61.25514033199267
0.5298518191353148,63.40853302708742,66.3485926299343,67.80904005135957,65.4365181474071,72.37687085580008,63.91064380118391,62.58694112769064,71.70354758576525
0.5260702160224454,66.27691178995171,72.78972445568337,70.02126567414683,65.41423363837292,64.67079162080555,69.64452355135332,59.813469828690046,61.18951271311178
0.522380198150465,72.57355003383458,68.39698667998998,69.25675336996325,69.45327874321785,65.4205484827168,66.09515406838737,60.53711941237126,68.91105445623941
0.5204485111052227,63.687271205889544,67.14339372856682,71.32587630778119,64.50075522274518,64.68856967485128,64.51166753350303,67.44977058151771,68.48034660179016
0.5186086023408215,71.26187474482775,70.8607124129427,67.22336896730368,65.47453761619605,66.77160628588945,65.42105337731037,67.19368215737953,66.56617508238577
0.5138029388377089,65.73584105574949,63.56572357153505,67.48454934562287,69.80570741217716,66.34550113621525,67.653736944435,63.72385944537837,63.59222379844891
0.5104713431042915,59.12470032948986,67.32333202531429,68.7592052581077,73.76808465838059,70.59951811170009,63.27599320047514,61.23253077903188,68.60213728051767
0.5071487103851355,64.18905035798535,70.59181029970063,63.665916563199644,66.22866936590364,68.61091603913124,63.252471888298786,64.8805947021074,64.43814800314732
0.5033020140761284,74.03503872046593,65.72477961567478,66.55574856816335,67.4436521144929,67.88552069996148,60.83043553544686,65.6916351001597,63.23630220348764
0.49943908123174835,68.04586081768818,70.27980525708459,64.10473939282997,69.70202338421646,64.62473702306782,67.8168705217279,63.887511063412404,62.14592013976452
0.49556371972338026,67.19207135257955,65.6447319750566,66.78224112627892,66.77653159301686,73.46112803892278,65.2015556460142,61.76147059767888,66.52364421107322
0.49168052113248945,68.30417592445228,68.66865715690614,67.24151290511588,66.9164651647123,69.2014841202903,66.25950214151429,64.26247503673049,64.78014830045096
0.4877945134689563,63.338577243608135,64.77831382202129,68.75556754953567,67.90038348999916,65.94946290336426,70.85438820024798,65.01430569018534,65.17984980582003
0.4839807157127702,67.06090920549175,66.25617965312595,68.5278859748897,69.03776923967735,60.96954367925721,65.10676544752704,70.61821688658934,72.90083826916285
0.48016987639815917,66.95661287858161,73.13764645712202,65.21718520973306,66.87026185856749,69.27087567447289,64.08754897734067,64.76464769218838,65.87062418596994
0.47636235351366557,68.89152251938246,69.0357253079617,69.36624842715126,65.04806600779155,64.65237221568191,64.8327831737212,73.06961253713467,70.6158134628446
0.4725581693944703,70.01713705767929,71.70601414315469,67.19659694949229,67.94371504031358,62.4558847484987,69.83208151817946,72.79971001562903,68.02405915331768
0.4687570350474123,65.12775001582355,68.73509993465375,64.95172058086668,70.39318038670375,72.13133040103295,63.09023132364535,64.27585723010651,67.11398541679762
0.4649583945438402,62.22117049983208,67.918835751805,67.19104362865066,70.00391340674945,66.33750493867463,67.48268803516018,70.04325021392702,67.79369786256679
0.4611614811577312,68.57198649158245,65.30561435197725,69.72325874848676,57.34819951654914,61.810544856838725,68.79172104187823,67.66649652541633,66.51834581092753
0.4573653828814938,62.741357078252506,67.95654954434787,66.29384152339894,64.42326256335467,64.39739073218738,66.85505135259895,69.23691376853601,62.78878000035506
0.4535691145331237,68.6541066967871,65.64650339988916,69.81278848471014,63.783676947056485,74.85972836392035,68.14613842037133,72.52122161535414,70.40164845726241
0.4497716936946637,63.61273271775925,73.87064552731735,61.43950004070192,66.0063135152754,67.45484931656928,62.068768550195976,58.37876417405093,60.416262485432235
0.4459722176977651,67.29429356598513,61.84787761359256,66.0806387527418,62.42954667021663,69.6132775947583,68.75419524840224,65.13631347826757,70.21798838476265
0.4421699146182942,69.15457076019166,69.4088128340314,72.76466108700649,66.10532352688894,62.50877737487683,70.15573778786478,67.83149521947152,63.5066894154129
0.43835920767418096,70.16092211464958,67.71335840176883,67.79133090417194,67.8131140091379,63.36441064753989,67.78446465572219,63.85777313248597,63.14294344815014
0.4345450516797296,64.33853481109279,74.67892704178037,69.18572522788725,68.45516431628847,64.29670730583739,64.93238440988519,67.42621589838764,67.24252521827722
0.4307276398763691,69.94150085125264,71.05253446347115,64.1463804380264,65.86309954349963,66.65059447540636,72.71223516447704,66.16165942448372,64.64545533686356
0.4269073977293771,64.35046199872326,68.84990856454671,66.81606807563696,68.04720633628479,72.39637377990078,69.02905705760517,71.64195415966064,67.38366840840658
0.42308495834610704,68.55767477026036,67.48507445132341,69.74933448021063,66.58134161733699,69.07390472024996,67.73727097780977,68.87959626733969,65.2908228038838
0.4192611256617713,60.98449355060235,67.39526788236716,72.82943419694763,66.56179996152207,64.16568586042652,56.23807356256071,70.7223857589629,63.82712644318421
0.41543682697235934,67.23851169109348,68.13822953158653,63.76274901218828,61.33003855448474,65.26295134175786,62.341481432408784,60.385029595619464,69.6572456933259
0.41161305783513125,71.48710521325958,71.2036101760768,66.11619473058668,71.10944960159497,64.0697116500873,62.178899132746714,63.7572470443905,65.51191917776
0.4077908227708112,66.84506501871203,67.24558404697642,69.07343932409339,64.03284114001461,70.25888318671491,70.90607382473084,67.18162912639107,64.38671850683932
0.4039710754169789,67.85657363093152,66.32325552179381,63.28459336966928,63.28996159795551,63.71976703750106,61.906742261138085,66.32992738827207,59.24585223856266
0.40015466178769044,65.25337620761546,64.69269239896491,64.77284001847809,66.05797511112648,65.382273661827,71.9864013228978,65.82750390226234,74.64733177081035
0.39634227008779416,68.58888459647903,63.19099492190657,69.14560649286213,68.76121381553317,69.6434460230615,66.24869363807692,62.65395981312349,68.62640401350974
0.39253439012160934,69.45824979730648,72.35040216844001,65.3850920978442,68.36394343423203,69.38173164221328,68.1701772613364,68.34204007538588,69.0632615031162
0.3887312847468879,72.87197360773766,67.58260108256745,60.98662631112432,65.99042260648353,66.82057359183618,65.46620319048621,69.96430919625675,67.73285431947568
0.38493297509027835,74.4842948296132,64.10504169158261,69.48125006867384,66.913121699497,67.40461467175477,61.329143106319194,67.78842996467722,65.40734682777288
0.38113924040355934,61.9986111199907,66.04410267823977,65.60116388161404,72.74729067436624,69.51091091292858,65.94803453577521,69.93691479741423,64.14171950096224
0.37734963255157233,66.52479607829254,67.34276406005809,66.79911892133744,64.89405060180353,64.07537476779012,70.98710869667812,68.10188922953178,69.65607787233895
0.3735635042375429,65.90812263861945,67.33965384318017,68.8699316276298,66.35429724929129,68.48078986885771,70.2481149947568,65.0692599437597,65.70351135054564
0.3697800492437857,70.6482685204039,63.590857502270325,68.8624750968481,68.88664116917404,72.0071978386946,68.3306632980566,76.34694731601552,64.47638861938425
0.3659983522463226,72.82419004505626,72.26859217557036,70.6509003230795,62.1625706370733,73.22720043547083,66.36988258681173,73.5865842224102,64.79484051511703
0.3622174451940733,63.249610909352015,61.11024414209911,73.81648286748525,68.37109321243268,67.13863575717782,64.87131083663385,66.90477908991667,70.34414409900349
0.35843636686039676,65.86101620109507,70.58822076555326,71.06848777820984,67.08554302001951,63.73987462782705,68.32635554235839,60.59911517242436,66.89483466182433
0.35474492106730504,65.99565043683128,65.7547005550852,70.68121085393145,64.69211753237602,60.49950408125152,67.4716846311254,66.08038559620618,67.3813504153878
0.3528109772717166,73.90347353927008,69.89458488983774,63.741343823653274,62.21424556786889,65.65645710890144,65.5881632901659,65.44491848413003,63.97466785584672
0.3509652579689955,68.99457322926986,73.19515915859704,67.08961820322881,64.81303185814178,71.1737251715125,66.11084225234062,69.98164787129556,61.82014878534003
0.34616338719474155,70.00034342924152,62.05961393909282,60.98752872741188,68.98988051526005,69.57601780305099,66.42269614779309,63.12054742498274,63.88573214370267
0.3428310050212693,60.67732885884598,68.09969718031526,68.4554937390587,60.235603212429844,69.69710063513459,67.18902390263138,68.84692239906204,72.58473115995142
0.3395045196459769,66.80424161514716,68.808152338912,64.82763607512078,64.54431239002383,65.69594066362241,61.162034159481614,68.10126404260082,61.42465641848882
0.335649097446064,66.27601915401507,69.73330584212029,62.27163185538159,67.51947280935391,67.5272296401291,66.78212208471135,70.14509562120311,66.0690520005602
0.3317752989976375,74.29085672186261,71.76635520208256,67.50368884219863,72.52047201022434,69.37962960054163,68.26463388795581,66.28430523337734,64.13896468404165
0.3278876630766108,66.06017338933395,65.68836393910999,67.19217342367764,59.74902280558688,66.51826946509148,68.78043797327086,64.1220256539603,61.95590667852057
0.323991614233652,67.1475714330736,66.94125453835075,66.32567768708294,64.8359374944482,74.90959412626019,58.6607288009578,63.460195437871405,68.4172108524812
0.3200930651943059,65.02890841220187,71.96945411243645,69.29352208598783,71.49404243842102,64.98318956424544,61.7269784274604,74.2940626739452,63.47948022130154
0.3162846583495288,72.95082362305331,71.26181527408112,65.84988490694629,60.046272281296645,67.51552471477754,69.80548057342277,66.83310432464084,71.2302426915379
0.3124802231150896,59.60676809541395,67.82514891065856,73.11170640272246,72.08151561348468,69.51077401891682,67.90335065012526,68.0088481478,76.4801722659458
0.3086799019377826,61.26758851522545,63.54488496104616,66.30251214049792,67.29489477372044,69.68335307935406,67.87755098799411,70.79987866855066,68.65163370170846
0.3048834690640936,66.62180367495901,68.00007157366589,74.49980231271684,66.21532761398166,66.84523336739838,73.14355933997858,62.13702591804293,69.00809178740818
0.3010903762982671,67.34316393099962,62.63531423561355,71.38783957044454,70.09408873543758,67.0604919223897,71.62252692777292,64.17741179505595,68.22503051937932
0.29729980528317923,66.78940128050517,64.28408339989885,66.20970737080503,74.90959325993104,78.57029679707637,64.78886040075906,63.95164509263039,75.08626846163159
0.2935107457504394,65.10607133549408,67.30268454545084,60.46740688352618,67.71544114933484,69.3545634987691,64.4170347220663,67.83310237442717,69.3043614533476
0.289722076424831,65.24916511314251,69.53571920325169,68.20165510842264,72.60277102887613,64.38553503095717,65.34620255636408,68.69587437451582,66.37258844095366
0.28593265098921733,67.11523967246951,73.66217782964092,66.44768780051626,65.66890852736648,63.916540234680625,71.23055128411373,69.5987754269962,67.28020313922504
0.2821413858358566,70.61991296048323,62.21063011888645,60.942252403803465,64.47694576660125,67.59370702957966,72.00376828341457,66.30779245486423,65.79591786250518
0.2783473432308621,67.88570313475225,62.06165088133781,64.03452492794558,63.18891937025011,61.50056784045598,72.06074722169284,65.44007170619932,61.62308577457527
0.27454023685419965,63.565086064149945,71.76084945261395,69.94839649193112,64.454179311842,66.62850111998637,61.687232230668855,62.30752184294944,72.28425317827435
0.2707297194226204,66.69632611823131,66.0293747162227,69.40209554644494,62.98454540147675,61.39605992452569,67.10758531331632,74.21951335874986,69.0964090896977
0.2669161508034135,65.41139324059296,63.776231524361286,69.28291603601087,66.78389623487296,68.15317654864137,64.97156700562833,64.873668718525,70.10044929613004
0.263100140894533,66.52975546767864,63.93154217652547,66.95170389875801,69.13671385467633,67.5840668545461,62.98070649264889,73.33660025116725,67.145790863529
0.25928251652691436,70.41281035980957,62.891734565802615,69.72811540981364,69.11958717090266,67.15174987709229,68.8239080998882,70.9286499873357,63.67175174893762
0.25546427584867193,72.71036610537845,64.70085552666788,74.34748891946853,66.48963791718022,67.5113396579041,68.9309111736499,61.31626401548496,67.62652366231134
0.2516465319096355,66.8427387029869,67.55149724620712,70.10452969496846,66.21796010051945,63.98753661790882,71.6445351402965,65.37283955226881,71.11571766513093
0.24783044906559928,69.88610074335126,63.642633765282206,66.78862345404434,61.02859074783059,69.8125961894321,70.41797734496306,60.5753069774571,66.86127235370951
0.24401717621356198,64.7099256228854,68.42510078184378,66.89831913842758,70.2566575216725,66.57040790221919,65.28062642873782,63.44679522310025,60.74554478250924
0.24029761603662264,73.27015763525002,62.1678600956466,64.25321543274617,67.08737073548409,65.51759605725313,72.57844989940637,61.46208277496871,70.78391604087581
0.23837942967834277,66.93576444629261,65.00690126859911,70.46963490511911,63.22608483690982,66.41069943765854,65.75159462206223,63.99260384038075,70.45973143472558
0.23655457055360757,64.59474787597883,65.60268580786384,69.18103830183752,63.10158551580917,64.88859598673912,67.3586520417145,74.19096900704722,64.29718320688188
0.2317443154251945,63.938543204770156,66.61093765636205,67.24439667963065,65.68486105137896,67.05185592240369,66.24160939066756,71.80176572763729,66.73218105373265
0.22841823155356522,70.17436453508148,68.93079260134338,70.59293485220964,71.38540296798442,65.65676629161513,70.83419159606818,74.21236443169092,70.4848960311054
0.2251027144539377,67.35150451248666,69.50877269630278,66.28958402667648,63.12737273255438,68.14328165772021,69.98230755710617,65.80968485093987,62.60996936462518
0.22126257941095365,68.71556553218683,74.47003400056104,62.81108483129669,71.76452904917157,64.77955561566301,64.82864241873767,73.28464949768174,69.1380421088716
0.21740755673177958,63.49943352126944,58.90880637224484,71.43049364105471,65.46204032504363,67.41799364853021,73.01788229266198,68.24226859854798,63.27460052317562
0.21354124659398527,69.38683939105034,65.73138980251098,72.8049832695771,64.38406508808848,66.21295460772184,66.97075887419216,68.46561943575809,66.27319749358601
0.20966800794781415,61.51960268930723,66.10272380408864,70.15257188026881,67.25049397686725,66.40422134923155,64.83718585565549,61.05564329346518,64.75782855887331
0.20579262693821745,65.92249592568824,67.31208293395238,65.2756637853129,66.42457649001119,62.70012505349731,64.52790408556831,64.71220944172572,66.92542459205725
0.20198443859481227,66.17817428681059,64.11943021336523,67.72025662816749,70.06098700906738,66.82664848234887,59.81643455012762,67.17555923051205,68.06556652485276
0.1981797249201939,62.264949155519986,68.67016725694705,67.1987952486582,66.0416386950597,67.14067176444311,69.4800343468001,65.5838274862172,67.22290650265604
0.19437898044599092,63.77346436847521,66.92392091198626,64.79948744936195,65.94581738449352,65.61355996490704,65.42429256556,66.35881508293947,64.1314483538202
0.19058238017833976,65.19709356557614,67.5813260660889,69.3950587500738,63.76331192728715,68.33592167011284,67.22206230956188,64.16984820721959,64.41824439819462
0.1867898026222822,70.19576620886389,66.70960406753949,69.97552261906671,71.98004390339435,66.6626964345138,69.69047277139768,71.75811348111341,69.95281456393279
0.18300086000017016,67.6577074901461,67.59892859334579,67.71889411249724,69.2196705177232,65.09580340386391,65.30423844828839,63.83837627105992,63.468323520594105
0.17921495328334558,65.29998339192213,68.33011186604054,70.23609219302186,67.55461996893303,63.8377322149125,75.32511601622082,65.1584374162885,60.997507311106034
0.17543133566194957,64.86728033107745,68.58689546782554,66.19336563209917,63.112785180677676,66.37795500138468,61.242530075071926,66.07284075718509,66.40226064588029
0.1716491810953876,69.3567135586375,71.78767801113038,67.87421815851695,65.7585981202268,64.53803981356015,64.80114124707464,66.40066326001417,68.4099494354058
0.16786766008746462,65.73612604090287,65.18069049094665,70.12774089479424,67.15057493708784,64.02659310669175,70.53575778830758,66.4659684015476,65.24676606041918
0.1641784598075714,71.10118220627608,66.20786012727602,66.88724733572967,64.48141253598861,69.90022060245404,69.18536969270204,64.00790539218694,68.58856438198099
0.16224534993354323,63.35227148025809,68.29645633159232,65.30038747775649,66.22910913656324,65.09777649516971,74.82587857980471,66.11190292258647,68.78511117968426
0.1603998132085439,69.60032601959377,65.49650830737123,65.87105382861003,64.66583730684063,63.37563486127143,66.351081556447,61.97110225575264,70.44824757935382
0.1556025011800694,70.07210814456415,65.6571715735515,71.92285253271932,69.35795826730183,66.77789683650569,67.66824112771644,68.86664476275665,65.58813696500367
0.15227295697378246,68.16722530173111,61.746556187563705,64.84187845917491,60.06796902205669,68.21324659394313,68.05341280686167,64.47141222398757,72.70686718193173
0.1489497915570294,68.30044750423151,69.7570883024058,70.44873455657752,61.89877014508838,68.53108886606506,64.11303051347842,64.63258524964311,73.63904586813312
0.14509908439768526,71.22767840101962,65.34657942427711,68.75919532999299,65.85989046285437,59.97747797157029,69.07473970592244,65.40580790370947,70.12887500977462
0.14123093187348426,69.41876177314019,65.48021705746748,66.47688568525373,69.02605456663683,64.21380774649987,73.27608181111691,67.00004698060602,64.3469049769392
0.13735001666006993,72.69025695623101,70.76984339953196,68.99747976531873,65.93873120411757,71.09152709783547,64.2068435588772,67.85093080746675,62.54944253591661
0.13346193116528826,68.04637545134838,68.35902858103165,67.04899277959846,67.7404608849463,66.39584478454842,71.70632455417365,67.92269862095984,65.95499497900997
0.1295727795721998,66.63914643099761,85.310967176161,66.72133702725546,66.65950996886215,73.71508445252802,71.83089341975816,65.45220248378675,68.6109147280898
0.12577641887802998,79.55349012940856,103.80195941197664,72.25092460940402,69.79469674937287,69.48574796738122,67.39892080019986,68.92744450159996,69.26660709810037
0.12198575961558011,107.14443129165025,141.35839248888342,71.49608501279054,68.3774204307762,65.97491308866536,70.85755843082646,65.35985578865231,68.27677369751855
0.11820113047640396,122.78500160821355,177.17390908990606,59.91783643417925,58.371712778856406,63.26069517641902,69.01501215152656,71.39548206569039,73.79166248161798
0.11810666815949693,115.70639529576043,197.3082218297223,67.20014196376779,72.75659307938497,64.31849706127093,59.21302696906619,69.53200947842716,64.50282091831345
0.11787400178485831,131.55122449119344,211.0376669158986,67.5773850227598,69.7008266165943,64.94964884891438,66.89462523292568,67.34428292380144,69.63647417204123
0.11225902900077832,213.22289460620314,382.6622675549116,66.88558224403306,73.98843033815206,63.48405872944623,66.68044975976262,74.48456159911049,72.4801869916592
0.10652575960016636,377.23228454160585,1768.6770031200624,65.42691588604755,67.68803268975635,62.404145692230614,63.74342874943562,64.2652055633644,70.75548029120213
