attempt,offset,distance_m,ps0,ps1,ps2,ps3,ps4,ps5,ps6,ps7
0,-0.08,0.8864222085627775,63.661986392768526,69.72902373751984,63.764686564764126,68.31835944115898,61.33395877391072,66.76852741590989,71.48557095442982,69.98390175304829
0,-0.08,0.8865966625081705,67.79212422639874,68.71471178911493,71.72911516248047,70.27284207699638,65.12323371561816,70.23625733432512,69.9682797330093,67.0684301241127
0,-0.08,0.8867541062845549,69.65102445933502,66.59716278911816,62.72145560694713,66.81719804950698,67.91515692747836,69.74630043932844,65.80231044871363,65.04791981242943
0,-0.08,0.8868938425318198,62.822918280007435,67.04181261225409,64.97159379863234,67.4289619275618,64.47864997406009,63.38677652571192,68.08024756492544,70.8050159716955
0,-0.08,0.8870166175130816,72.76020843703861,68.85290062479334,63.73115423201243,66.48059923421282,66.5327113795977,64.20646442918029,74.82776379635463,64.9405119371097
0,-0.08,0.8871206413149673,66.83767316804558,60.77796243616181,57.39907490458216,68.63013710310624,58.89512668185592,69.27001688675018,71.09819316326478,59.88680879021298
0,-0.08,0.8872055917091759,67.05578931199047,72.75844863056022,71.89432167303846,65.89048608150355,61.55329742905028,67.64144326000265,67.55304238632345,64.9923054327153
0,-0.08,0.8872712614968641,71.16212433205023,66.8273302930709,67.12673896939106,66.32599338023135,65.57367933306284,54.66788724248961,64.85075973104982,72.53495022642717
0,-0.08,0.8871953787890444,70.14256897284444,69.06712798467719,61.35353119302679,69.8331272980764,65.33383297651572,64.64161959475977,71.60147956838499,68.78820378143172
0,-0.08,0.881489130511513,63.284387955928416,63.42266960946911,74.12034531958615,68.4568694730388,66.61464121437402,70.78224464206129,68.14640803173114,63.746205481911275
0,-0.08,0.8756426951323409,68.09786643640629,69.4194044118152,69.67955265263906,65.876334691924,73.48717565907434,65.62216648323336,66.45167333172259,66.56417159222529
0,-0.08,0.872860156553658,68.15500764082111,66.60973873555463,60.3387528670366,64.81628776062458,67.73475469462775,66.99590158750681,67.1129761903214,73.45421843247843
0,-0.08,0.8685431275183452,66.61884897556057,68.6791909262602,62.182255119418606,61.45962502793987,67.8788553899973,72.35805931929366,67.5776076592859,68.48916154555997
0,-0.08,0.8641799867034783,69.8089163927495,65.16600472560347,66.02356361090541,71.23676795223558,65.37089541997756,70.9666572520742,70.7336362441394,69.76329198996213
0,-0.08,0.8604235827269023,67.51036077066911,67.67297929552656,69.29532875800695,62.06946648486711,66.30708791724884,68.28440776068838,71.3196517196158,65.36160816712817
0,-0.08,0.8566606631717768,72.05570758177198,73.65669671443409,67.12451686069434,63.063389288891486,63.23479131612567,62.727858419068184,67.62864513043988,63.58387453688988
0,-0.08,0.8528926037665989,61.20973534693474,66.10801796624938,69.33403643362249,67.37587211248999,65.98725132236257,69.81161686957132,70.83771848343014,67.34719874909506
0,-0.08,0.849121221631475,62.09980496563806,67.02902438839966,63.97857443854257,62.7770968956903,67.2133859354629,69.30811227741329,67.90401761869366,67.00608341256661
0,-0.08,0.8453480638924685,67.68560293462238,68.84568910579472,67.93551449444392,68.93266534337046,60.30423657014282,66.03006092252974,66.10870635596162,64.65618201947163
0,-0.08,0.8415742293939591,63.67526268489749,66.65255882211127,65.77056237111917,69.24433567175825,65.75628917288054,69.95946624903753,66.85984260952141,70.41759489663002
0,-0.08,0.8378002901326768,67.98643925551187,72.49250264138178,62.879301611515196,62.22424815227174,69.92697390725652,57.99336251098871,64.40344410122741,65.15718145869552
0,-0.08,0.834026292830697,67.5216815757565,63.6217357561494,68.00210673660054,67.16666388645595,66.7193409479038,66.48074128735796,65.89950953293825,68.8061899604429
0,-0.08,0.8302518208225167,63.59491020911424,70.76433702472498,62.48480808713583,67.76150680946114,65.90611952637524,70.07303290827403,66.8569798510185,71.37169846118785
0,-0.08,0.8264760536937841,70.30293326684695,68.10968392290023,72.24533433367228,68.83517578254886,67.59186521978165,63.78834611737699,63.18959349112682,59.7798550276289
0,-0.08,0.8226787169871675,61.13992342024029,71.62685227003976,66.4682076704985,73.18001375996928,66.32879368162986,64.54200724186639,71.64057179342885,67.00692401750649
0,-0.08,0.8188790877781356,61.60455394270448,66.83039183891319,70.11542486395969,64.93063205367022,64.93473809872776,69.84891334879892,67.2797762737595,71.0005288591915
0,-0.08,0.8150772048125151,71.00232970353942,66.97532554235619,69.04923747046836,66.13298915438094,65.1814748731116,68.78600714611939,64.51813511627343,64.19443077571722
0,-0.08,0.8112731438798056,66.0489140725588,69.5200391717406,64.08473507772814,67.37941858184395,66.58705531443566,64.00172385323336,68.43477205938383,61.02928552364988
0,-0.08,0.8074670544345842,68.19446888992493,62.73852068767644,64.70579087942907,64.82585171743116,66.5962860543612,69.33000903218414,72.36520865691129,77.66088018593223
0,-0.08,0.8036591835278372,67.38995048102235,69.1459437570925,68.03143010633288,73.28201161373205,66.29680865927644,75.05963398062659,72.14225835230866,71.82952717308947
0,-0.08,0.7998498844836734,70.05887111468668,68.45938644181113,68.10623313004513,69.47435152469842,64.81653064506779,65.84942502023796,67.63386395514527,67.68694847738888
0,-0.08,0.7960396238668285,68.26566612316678,63.977090639753634,64.97994650145726,69.80364990706575,68.53292398688916,60.44383629667953,65.40960487042054,71.61977178193285
0,-0.08,0.7922289469168128,61.08304121625122,64.81566347712115,68.83450051222306,67.6713748985976,70.51400804883738,70.53305660734921,71.2331535049418,62.70426522033861
0,-0.08,0.7884184635635915,67.84275555263676,64.9620656935114,66.53523061676134,65.63433757572432,66.25912301548948,65.14656801546887,67.48781510112907,70.89638077656744
0,-0.08,0.7846088171517915,66.70523222625043,69.57860819154764,68.45714000787711,69.18179880543511,72.07228297753755,63.886536037850966,70.21240850830432,68.10650436049521
0,-0.08,0.780800646856881,63.93030761970016,67.5460744203481,65.58889202253395,70.75142888342315,65.11530560947352,57.556797390693255,71.66891987614186,72.79515824438434
0,-0.08,0.7769945485047125,68.88363469423108,67.96822811360045,59.91759350751059,70.44373551592953,67.7424801385245,61.935876407789614,71.86714751410004,62.97697019426108
0,-0.08,0.773279447438859,64.86489478572544,64.37886847464853,73.33785553714537,66.57741822584765,71.62880599330025,62.83843825505532,69.73095253623872,68.41774510566636
0,-0.08,0.7713620634317718,69.4342126191179,64.21991962298705,62.05856642316769,65.25175123494662,67.80903489616884,75.58882724563257,68.68228232622985,67.71404436049659
0,-0.08,0.7695370943338953,67.1313692535349,69.08951836223979,64.69805490636142,62.681070036660934,69.4682444737883,62.994764953048524,75.48248510626301,67.76805542177144
0,-0.08,0.7647231825353986,60.621618139376125,66.94680100554386,59.569401773136995,69.19499455455633,62.02708167082245,76.03938583535982,69.9486325112908,61.11794510113439
0,-0.08,0.7613946375637597,64.77210952035684,65.53997936878604,69.66056359446348,72.6940375791872,66.17111906584984,64.48290572699078,69.99155848327658,66.51169494972697
0,-0.08,0.7580755037844649,70.29119634312704,68.80899272795173,69.93316219838199,67.34808437071285,67.28677266615678,69.73584003581107,67.05759606860664,68.57975809255444
0,-0.08,0.7542289974719144,65.15052413343444,66.65324597400127,66.78943259857357,67.94418204503765,62.09191768294429,69.94049752351164,70.270211442569,70.8206671296129
0,-0.08,0.7503663548273481,68.34520883388896,68.66287926118123,58.75393259858488,63.2628671858288,65.32710422667913,56.08950405865785,70.21637712217183,67.05204824742592
0,-0.08,0.74649132329501,68.63351018003742,66.80157636609998,67.79922573429351,67.24734536447393,67.17563779130072,66.70782226324516,71.65718287312501,66.73442120859
0,-0.08,0.7426084147966846,65.1365713039673,68.08960255206075,67.18921379490693,62.233255140879685,69.18939854752217,66.59063429282875,63.703116705044195,64.69402976096212
0,-0.08,0.7387225643335917,62.48991501690449,67.82043577354152,69.41174347983892,69.81582691180765,67.18394327187733,63.899993298387315,70.81674679132945,66.94675070478714
0,-0.08,0.734906721899974,65.9944812720689,60.02375650040428,64.68913699776087,70.95986332135574,69.3481485108044,68.81013803977399,72.8475265885901,70.22348529640429
0,-0.08,0.7310936301132825,67.60971276276068,68.88603745226729,76.02879797028511,65.343085651339,64.83474407425334,64.03271721709376,67.93802567257471,66.00593063955688
0,-0.08,0.7272836618411236,71.37435306265381,70.46145313934758,64.84223933053164,68.31021747182376,72.37499725961365,69.04044910880235,73.19568649565149,65.07857736679142
0,-0.08,0.7234768512923992,61.153708158092876,70.02914755758012,67.0784423420995,70.57090202204975,68.86741852420542,71.6409636971672,71.13809733749356,63.08182565680517
0,-0.08,0.7196729315332995,70.2062665483798,69.22178520299991,61.744751397352715,56.29603695576607,67.0221934635917,70.65647426571985,75.24642881235398,67.10887273323281
0,-0.08,0.7158713711215651,69.1366384977363,67.9389440568884,67.88922161852614,63.56839898980187,65.9037950116283,68.11827349510001,64.42713139699228,71.51532887478574
0,-0.08,0.7120714263502855,60.904616637598785,62.424796409431096,64.31033178505707,66.07859960281249,69.54090068579498,63.2238058599672,67.87847909753154,67.03607790637399
0,-0.08,0.7082722050079406,72.45259490509656,63.653753735054835,69.88473976332524,70.08185658575935,70.5812776264923,67.11296046869715,71.312994493237,62.8848646310633
0,-0.08,0.704472736763879,68.73590609219423,70.75931004939791,63.95483056952913,80.23126250212363,66.26385052191881,66.32377642536181,67.71128296518671,65.57290647603891
0,-0.08,0.7006720466792373,60.29108144058894,65.24262393575329,66.92486287064956,69.60200805888928,66.79734949288417,66.31780160049924,65.73243171238693,66.63059164575631
0,-0.08,0.6968692314398981,75.4279720122619,70.94799503758614,62.2937760112908,69.02948346315296,71.59288471007,72.41873490858967,70.56430725403968,71.96117762388212
0,-0.08,0.69306351235649,60.268951833539525,64.94076504418291,68.20473492719489,65.52863479497157,64.64478467360772,65.98768439985672,66.01569091757855,71.33692337953762
0,-0.08,0.689254294778978,61.885831857473555,66.83007372972597,66.73777752416605,64.99979602031999,68.35835465263028,67.77316842902326,66.4244239818531,74.6173265692092
0,-0.08,0.6854393781738327,70.76601770912937,61.350846987048335,66.7528023170123,72.9837479756856,70.87598078705322,72.27052635911721,73.21315056489235,72.23577039255221
0,-0.08,0.6816205862373886,60.78097719868294,61.83370242741243,73.22750144041524,64.86724428342217,65.07785437665501,62.36613524015855,65.11768848206705,69.71000640987208
0,-0.08,0.6777981639291191,67.37960832659486,65.39611023476327,67.359157308597,66.48914204395744,66.94878966827245,65.39336631259916,60.76912695949773,60.85448232322236
0,-0.08,0.6739725967524904,66.7032468900493,69.02788678797975,70.14534171632859,72.25377097741568,68.89109895805835,68.21566953357159,69.36731434582074,69.96420362073705
0,-0.08,0.6701445818893152,67.83762730613402,71.7715731272238,66.07947359560752,61.67448689537143,69.81159376539952,69.19758469503473,70.93231058498534,68.18043214114003
0,-0.08,0.6663149865276915,70.5076591173661,68.9705864556402,71.64098208296406,66.69672940328348,68.18057905762288,63.60189397339675,66.52795674371947,75.63123849289815
0,-0.08,0.6624847957562771,66.08602105610824,65.96222757935644,69.94788411860655,69.44293349127345,64.82910953452918,64.24393581903186,68.07392591944078,66.79946687366517
0,-0.08,0.6586550532698331,66.72391550832374,70.43980736859605,71.9585549522836,68.49675584975803,65.13473390701677,67.9558259813901,70.63140301837716,70.0269417669678
0,-0.08,0.6548267985234748,63.34576561301847,67.99423429438481,62.4239318430636,69.60112812317875,61.295695229697984,65.7888138335684,63.58350940066161,74.71773851384467
0,-0.08,0.6510010041582671,60.36291461183162,68.2777564017274,65.43397256676309,66.0893510129268,68.73313269851249,70.67747152287592,66.46898891764022,69.10410288785047
0,-0.08,0.6471785174861104,68.36067932833865,66.30767644654853,72.6210761159648,67.47609299340326,65.69198910533196,70.65604750530879,58.09196201290661,71.53001024521781
0,-0.08,0.6433600095662844,68.7264704705018,73.34689495630114,71.497103600712,67.10641267869171,62.84561323853507,68.47427935878972,61.836619737671,62.58123120969895
0,-0.08,0.639545934941718,68.56132646115717,58.56004292442853,65.85947891473536,64.54100808309029,73.11462426392612,67.15525873985092,64.59486369648887,71.31185980027549
0,-0.08,0.6357365044555177,65.26129212817548,65.91026597663539,63.22667930033483,67.35062020592301,71.24667284809901,68.13827292465997,72.63871276746922,68.4387569915544
0,-0.08,0.6319316727751074,64.81013447868897,70.97787578526203,64.49324059321401,68.19948265118204,68.09393280674762,69.90572404329295,61.21593629563273,64.7106811975101
0,-0.08,0.6281311413601224,69.03915285321173,64.4380991452073,63.052290810626296,66.69385660642774,68.32682938404744,67.51551842591557,66.7802261039468,65.30879983693104
0,-0.08,0.6243343766754438,67.77168696535405,64.19135301044773,69.20896988821796,67.15719632653816,65.76196805202525,64.12851960613698,67.62314721203248,66.16316989963474
0,-0.08,0.620540642530111,65.48249230302575,67.12887860795017,64.42477938161218,64.74247312637199,66.08652614238137,70.92113073942767,66.41659100054699,70.79079678743362
0,-0.08,0.6167490445731747,70.59869007395541,71.69328188041202,66.88877254225334,69.14953110318035,67.10227093121689,72.15248524898136,62.530945685643665,65.60137246063553
0,-0.08,0.6129585842509566,64.23016064158219,60.94483766434069,67.52909671856949,64.87301974221579,64.01674909725796,63.30180169528046,68.95145196183556,71.11838989277229
0,-0.08,0.6091682189704415,59.832674288544,65.21559647380757,68.65989640597608,65.67348588467077,66.47263736958371,67.25067607222178,66.0736485378678,69.13723735200934
0,-0.08,0.6053769248533563,65.77550385139455,67.62566862489057,71.74454809069448,66.50309937159761,68.81334082833966,70.09581681119757,68.68249673997438,71.92590419699032
0,-0.08,0.6015837583244805,69.29070547317664,67.82640189663165,61.10606307275764,70.52757233351589,61.78794035811536,74.52529467645148,66.11525680792732,70.30367564669554
0,-0.08,0.5977879128616853,67.93520466652288,63.874942387277464,63.89527605199901,60.213860911734294,67.62909426605397,67.27249393096105,66.37628189975928,69.7482531874856
0,-0.08,0.5939887675361958,62.878848063033566,63.762372621254116,64.4500292650124,68.47988494715736,72.43247894195552,69.20899996018755,63.286353989616586,70.9829678040987
0,-0.08,0.5901859244691698,63.31035688223175,62.740252396378445,66.38223171279223,64.80726188489373,66.05301770713002,70.18000978295682,66.36927716369051,66.82993731702197
0,-0.08,0.5863792329938022,70.49219948433083,66.67496626675727,68.6726784057722,70.68899513341692,68.3329119109219,67.22893714620433,70.0976197174393,69.84881064336533
0,-0.08,0.5825687991010983,65.58070426648344,65.83258856588044,67.22930776766849,66.85372686454865,67.55419553052594,62.422318179642005,69.9599184576023,68.93950300486259
0,-0.08,0.5787549796166703,61.34995364993642,72.74303620089286,64.65956289011514,67.9389033685268,66.88847867335912,72.05188309268505,59.60214650989582,70.25356921721892
0,-0.08,0.5749383614558998,68.00648819466039,68.51087907757179,71.44573621646286,66.48454298724215,61.05451762052415,67.21435338711771,66.10287083663094,75.58912269614915
0,-0.08,0.5711197271849572,69.59578310628815,65.32277139871869,62.03898654607213,69.96014874814706,69.91814019730457,64.86973621605188,67.46894585399006,68.4556110702302
0,-0.08,0.5673000089256065,64.79178938318461,74.41264655746859,78.149732965701,67.96307797919398,67.94959130453194,70.83742439793207,61.605275333483085,68.13487056538186
0,-0.08,0.5634802333357809,63.60838699323437,65.780101378131,69.43613864861476,63.946906037698284,71.89345474580362,68.1182819047581,58.248559176850485,64.98553436669727
0,-0.08,0.5596614609345835,68.32764581326215,62.00227108033511,65.2244668801733,73.33066130052421,65.65782305067998,60.77400632088593,70.20277284831322,66.86874069966451
0,-0.08,0.5558447233864737,69.04186430802119,66.00217620241338,70.23242410496366,67.73817970256371,63.1111224960643,74.41874090009141,63.104598852534465,68.13464477872323
0,-0.08,0.5520309624921013,67.24590520971445,64.5477293312462,62.555125992489415,66.86326960300892,70.30292868779102,74.1468400504248,71.5671377573753,65.31357526605306
0,-0.08,0.5482209745418855,68.61769208373626,62.29467299180722,68.1357089264743,63.06793836523535,64.62605579784494,64.58684544893144,64.97967507507182,65.43536554679173
0,-0.08,0.544415363375828,70.93692358233122,68.47806460660456,67.52339737348429,67.14709833969734,64.19480357905546,70.56242970281671,69.54808073862633,69.45940684726948
0,-0.08,0.5406165619470406,66.77777676183692,64.42805889757393,71.8959371604506,67.0227857923605,67.94650355290216,69.3708056480975,72.65574184302338,67.78800136060256
0,-0.08,0.5368225161790176,68.28215426354151,63.82323979445705,71.5977597729276,58.749690399530145,70.31343445291611,63.780548629811825,66.97773988799433,65.0828052920554
0,-0.08,0.5330329806035744,73.94233252468666,72.71016828923536,71.58586284260691,72.09383605739302,70.49643758277317,63.153833731525566,66.71182513746172,64.59724591642353
0,-0.08,0.5292474763608077,72.18310041440203,65.42755692689627,67.24511781925048,69.3317645628427,67.65633414483378,74.90933664330512,62.98024378756488,61.25514033199267
0,-0.08,0.5255539798509735,63.40853302708742,66.3485926299343,67.80904005135957,65.4365181474071,72.37687085580008,63.91064380118391,62.58694112769064,71.70354758576525
0,-0.08,0.5236246164183449,66.27691178995171,72.78972445568337,70.02126567414683,65.41423363837292,64.67079162080555,69.64452355135332,59.813469828690046,61.18951271311178
0,-0.08,0.5217881384956075,72.57355003383458,68.39698667998998,69.25675336996325,69.45327874321785,65.4205484827168,66.09515406838737,60.53711941237126,68.91105445623941
0,-0.08,0.5169802373006194,63.687271205889544,67.14339372856682,71.32587630778119,64.50075522274518,64.68856967485128,64.51166753350303,67.44977058151771,68.48034660179016
0,-0.08,0.5136491476023501,71.26187474482775,70.8607124129427,67.22336896730368,65.47453761619605,66.77160628588945,65.42105337731037,67.19368215737953,66.56617508238577
0,-0.08,0.5103280681072551,65.73584105574949,63.56572357153505,67.48454934562287,69.80570741217716,66.34550113621525,67.653736944435,63.72385944537837,63.59222379844891
0,-0.08,0.5064841483342145,59.12470032948986,67.32333202531429,68.7592052581077,73.76808465838059,70.59951811170009,63.27599320047514,61.23253077903188,68.60213728051767
0,-0.08,0.5026247331747942,64.18905035798535,70.59181029970063,63.665916563199644,66.22866936590364,68.61091603913124,63.252471888298786,64.8805947021074,64.43814800314732
0,-0.08,0.498753410114259,74.03503872046593,65.72477961567478,66.55574856816335,67.4436521144929,67.88552069996148,60.83043553544686,65.6916351001597,63.23630220348764
0,-0.08,0.4948745122300195,68.04586081768818,70.27980525708459,64.10473939282997,69.70202338421646,64.62473702306782,67.8168705217279,63.887511063412404,62.14592013976452
0,-0.08,0.49099278738828567,67.19207135257955,65.6447319750566,66.78224112627892,66.77653159301686,73.46112803892278,65.2015556460142,61.76147059767888,66.52364421107322
0,-0.08,0.48717744779154504,68.30417592445228,68.66865715690614,67.24151290511588,66.9164651647123,69.2014841202903,66.25950214151429,64.26247503673049,64.78014830045096
0,-0.08,0.48336482554513494,63.338577243608135,64.77831382202129,68.75556754953567,67.90038348999916,65.94946290336426,70.85438820024798,65.01430569018534,65.17984980582003
0,-0.08,0.47955534904475916,67.06090920549175,66.25617965312595,68.5278859748897,69.03776923967735,60.96954367925721,65.10676544752704,70.61821688658934,72.90083826916285
0,-0.08,0.47574911851229607,66.95661287858161,73.13764645712202,65.21718520973306,66.87026185856749,69.27087567447289,64.08754897734067,64.76464769218838,65.87062418596994
0,-0.08,0.4719459325553133,68.89152251938246,69.0357253079617,69.36624842715126,65.04806600779155,64.65237221568191,64.8327831737212,73.06961253713467,70.6158134628446
0,-0.08,0.46814532566271977,70.01713705767929,71.70601414315469,67.19659694949229,67.94371504031358,62.4558847484987,69.83208151817946,72.79971001562903,68.02405915331768
0,-0.08,0.46434661657852083,65.12775001582355,68.73509993465375,64.95172058086668,70.39318038670375,72.13133040103295,63.09023132364535,64.27585723010651,67.11398541679762
0,-0.08,0.4605489687245108,62.22117049983208,67.918835751805,67.19104362865066,70.00391340674945,66.33750493867463,67.48268803516018,70.04325021392702,67.79369786256679
0,-0.08,0.4567514576461043,68.57198649158245,65.30561435197725,69.72325874848676,57.34819951654914,61.810544856838725,68.79172104187823,67.66649652541633,66.51834581092753
0,-0.08,0.4529531422401398,62.741357078252506,67.95654954434787,66.29384152339894,64.42326256335467,64.39739073218738,66.85505135259895,69.23691376853601,62.78878000035506
0,-0.08,0.4491531408731247,68.6541066967871,65.64650339988916,69.81278848471014,63.783676947056485,74.85972836392035,68.14613842037133,72.52122161535414,70.40164845726241
0,-0.08,0.4453506800444197,63.61273271775925,73.87064552731735,61.43950004070192,66.0063135152754,67.45484931656928,62.068768550195976,58.37876417405093,60.416262485432235
0,-0.08,0.4415451570745949,67.29429356598513,61.84787761359256,66.0806387527418,62.42954667021663,69.6132775947583,68.75419524840224,65.13631347826757,70.21798838476265
0,-0.08,0.43773430920679407,69.15457076019166,69.4088128340314,72.76466108700649,66.10532352688894,62.50877737487683,70.15573778786478,67.83149521947152,63.5066894154129
0,-0.08,0.4339199710879202,70.16092211464958,67.71335840176883,67.79133090417194,67.8131140091379,63.36441064753989,67.78446465572219,63.85777313248597,63.14294344815014
0,-0.08,0.430102348139365,64.33853481109279,74.67892704178037,69.18572522788725,68.45516431628847,64.29670730583739,64.93238440988519,67.42621589838764,67.24252521827722
0,-0.08,0.4262818799744119,69.94150085125264,71.05253446347115,64.1463804380264,65.86309954349963,66.65059447540636,72.71223516447704,66.16165942448372,64.64545533686356
0,-0.08,0.42245921476464876,64.35046199872326,68.84990856454671,66.81606807563696,68.04720633628479,72.39637377990078,69.02905705760517,71.64195415966064,67.38366840840658
0,-0.08,0.41863517103983877,68.55767477026036,67.48507445132341,69.74933448021063,66.58134161733699,69.07390472024996,67.73727097780977,68.87959626733969,65.2908228038838
0,-0.08,0.41481068906545426,60.98449355060235,67.39526788236716,72.82943419694763,66.56179996152207,64.16568586042652,56.23807356256071,70.7223857589629,63.82712644318421
0,-0.08,0.41098677483859025,67.23851169109348,68.13822953158653,63.76274901218828,61.33003855448474,65.26295134175786,62.341481432408784,60.385029595619464,69.6572456933259
0,-0.08,0.40716444014599346,71.48710521325958,71.2036101760768,66.11619473058668,71.10944960159497,64.0697116500873,62.178899132746714,63.7572470443905,65.51191917776
0,-0.08,0.4033446423350633,66.84506501871203,67.24558404697642,69.07343932409339,64.03284114001461,70.25888318671491,70.90607382473084,67.18162912639107,64.38671850683932
0,-0.08,0.3995282274463711,67.85657363093152,66.32325552179381,63.28459336966928,63.28996159795551,63.71976703750106,61.906742261138085,66.32992738827207,59.24585223856266
0,-0.08,0.3957158801417572,65.25337620761546,64.69269239896491,64.77284001847809,66.05797511112648,65.382273661827,71.9864013228978,65.82750390226234,74.64733177081035
0,-0.08,0.39190808344522654,68.58888459647903,63.19099492190657,69.14560649286213,68.76121381553317,69.6434460230615,66.24869363807692,62.65395981312349,68.62640401350974
0,-0.08,0.3881050907172834,69.45824979730648,72.35040216844001,65.3850920978442,68.36394343423203,69.38173164221328,68.1701772613364,68.34204007538588,69.0632615031162
0,-0.08,0.3843069115413934,72.87197360773766,67.58260108256745,60.98662631112432,65.99042260648353,66.82057359183618,65.46620319048621,69.96430919625675,67.73285431947568
0,-0.08,0.3805133123583339,74.4842948296132,64.10504169158261,69.48125006867384,66.913121699497,67.40461467175477,61.329143106319194,67.78842996467722,65.40734682777288
0,-0.08,0.3767238317915756,61.9986111199907,66.04410267823977,65.60116388161404,72.74729067436624,69.51091091292858,65.94803453577521,69.93691479741423,64.14171950096224
0,-0.08,0.37293780971955287,66.52479607829254,67.34276406005809,66.79911892133744,64.89405060180353,64.07537476779012,70.98710869667812,68.10188922953178,69.65607787233895
0,-0.08,0.3691544283234325,65.90812263861945,67.33965384318017,68.8699316276298,66.35429724929129,68.48078986885771,70.2481149947568,65.0692599437597,65.70351135054564
0,-0.08,0.3653727626225586,70.6482685204039,63.590857502270325,68.8624750968481,68.88664116917404,72.0071978386946,68.3306632980566,76.34694731601552,64.47638861938425
0,-0.08,0.36159183744745754,72.82419004505626,72.26859217557036,70.6509003230795,62.1625706370733,73.22720043547083,66.36988258681173,73.5865842224102,64.79484051511703
0,-0.08,0.3578106874251819,63.249610909352015,61.11024414209911,73.81648286748525,68.37109321243268,67.13863575717782,64.87131083663385,66.90477908991667,70.34414409900349
0,-0.08,0.354119076174775,65.86101620109507,70.58822076555326,71.06848777820984,67.08554302001951,63.73987462782705,68.32635554235839,60.59911517242436,66.89483466182433
0,-0.08,0.35218951269164006,65.99565043683128,65.7547005550852,70.68121085393145,64.69211753237602,60.49950408125152,67.4716846311254,66.08038559620618,67.3813504153878
0,-0.08,0.35034796714293726,73.90347353927008,69.89458488983774,63.741343823653274,62.21424556786889,65.65645710890144,65.5881632901659,65.44491848413003,63.97466785584672
0,-0.08,0.3455440250193689,68.99457322926986,73.19515915859704,67.08961820322881,64.81303185814178,71.1737251715125,66.11084225234062,69.98164787129556,61.82014878534003
0,-0.08,0.342212719158887,70.00034342924152,62.05961393909282,60.98752872741188,68.98988051526005,69.57601780305099,66.42269614779309,63.12054742498274,63.88573214370267
0,-0.08,0.33888701365966667,60.67732885884598,68.09969718031526,68.4554937390587,60.235603212429844,69.69710063513459,67.18902390263138,68.84692239906204,72.58473115995142
0,-0.08,0.33503056956707,66.80424161514716,68.808152338912,64.82763607512078,64.54431239002383,65.69594066362241,61.162034159481614,68.10126404260082,61.42465641848882
0,-0.08,0.3311554935880367,66.27601915401507,69.73330584212029,62.27163185538159,67.51947280935391,67.5272296401291,66.78212208471135,70.14509562120311,66.0690520005602
0,-0.08,0.32726641734052975,74.29085672186261,71.76635520208256,67.50368884219863,72.52047201022434,69.37962960054163,68.26463388795581,66.28430523337734,64.13896468404165
0,-0.08,0.3233688604228336,66.06017338933395,65.68836393910999,67.19217342367764,59.74902280558688,66.51826946509148,68.78043797327086,64.1220256539603,61.95590667852057
0,-0.08,0.31946882994806164,67.1475714330736,66.94125453835075,66.32567768708294,64.8359374944482,74.90959412626019,58.6607288009578,63.460195437871405,68.4172108524812
0,-0.08,0.31566069448304573,65.02890841220187,71.96945411243645,69.29352208598783,71.49404243842102,64.98318956424544,61.7269784274604,74.2940626739452,63.47948022130154
0,-0.08,0.3118566287091345,72.95082362305331,71.26181527408112,65.84988490694629,60.046272281296645,67.51552471477754,69.80548057342277,66.83310432464084,71.2302426915379
0,-0.08,0.3080567470014124,59.60676809541395,67.82514891065856,73.11170640272246,72.08151561348468,69.51077401891682,67.90335065012526,68.0088481478,76.4801722659458
0,-0.08,0.3042607931654276,61.26758851522545,63.54488496104616,66.30251214049792,67.29489477372044,69.68335307935406,67.87755098799411,70.79987866855066,68.65163370170846
0,-0.08,0.3004681823792495,66.62180367495901,68.00007157366589,74.49980231271684,66.21532761398166,66.84523336739838,73.14355933997858,62.13702591804293,69.00809178740818
0,-0.08,0.296678068044213,67.34316393099962,62.63531423561355,71.38783957044454,70.09408873543758,67.0604919223897,71.62252692777292,64.17741179505595,68.22503051937932
0,-0.08,0.2928894138190508,66.78940128050517,64.28408339989885,66.20970737080503,74.90959325993104,78.57029679707637,64.78886040075906,63.95164509263039,75.08626846163159
0,-0.08,0.2891010766239561,65.10607133549408,67.30268454545084,60.46740688352618,67.71544114933484,69.3545634987691,64.4170347220663,67.83310237442717,69.3043614533476
0,-0.08,0.28531189375839017,65.24916511314251,69.53571920325169,68.20165510842264,72.60277102887613,64.38553503095717,65.34620255636408,68.69587437451582,66.37258844095366
0,-0.08,0.28152076996656544,67.11523967246951,73.66217782964092,66.44768780051626,65.66890852736648,63.916540234680625,71.23055128411373,69.5987754269962,67.28020313922504
0,-0.08,0.2777149845514178,70.61991296048323,62.21063011888645,60.942252403803465,64.47694576660125,67.59370702957966,72.00376828341457,66.30779245486423,65.79591786250518
0,-0.08,0.273906295208204,67.88570313475225,62.06165088133781,64.03452492794558,63.18891937025011,61.50056784045598,72.06074722169284,65.44007170619932,61.62308577457527
0,-0.08,0.27009489598657277,63.565086064149945,71.76084945261395,69.94839649193112,64.454179311842,66.62850111998637,61.687232230668855,62.30752184294944,72.28425317827435
0,-0.08,0.266281205927222,66.69632611823131,66.0293747162227,69.40209554644494,62.98454540147675,61.39605992452569,67.10758531331632,74.21951335874986,69.0964090896977
0,-0.08,0.26246584772021025,65.41139324059296,63.776231524361286,69.28291603601087,66.78389623487296,68.15317654864137,64.97156700562833,64.873668718525,70.10044929613004
0,-0.08,0.25864961516589474,66.52975546767864,63.93154217652547,66.95170389875801,69.13671385467633,67.5840668545461,62.98070649264889,73.33660025116725,67.145790863529
0,-0.08,0.254833429548149,70.41281035980957,62.891734565802615,69.72811540981364,69.11958717090266,67.15174987709229,68.8239080998882,70.9286499873357,63.67175174893762
0,-0.08,0.2510182878216105,72.71036610537845,64.70085552666788,74.34748891946853,66.48963791718022,67.5113396579041,68.9309111736499,61.31626401548496,67.62652366231134
0,-0.08,0.24720520596845222,66.8427387029869,67.55149724620712,70.10452969496846,66.21796010051945,63.98753661790882,71.6445351402965,65.37283955226881,71.11571766513093
0,-0.08,0.24348435036659752,69.88610074335126,63.642633765282206,66.78862345404434,61.02859074783059,69.8125961894321,70.41797734496306,60.5753069774571,66.86127235370951
0,-0.08,0.24156943736976866,64.7099256228854,68.42510078184378,66.89831913842758,70.2566575216725,66.57040790221919,65.28062642873782,63.44679522310025,60.74554478250924
0,-0.08,0.23974690242389335,73.27015763525002,62.1678600956466,64.25321543274617,67.08737073548409,65.51759605725313,72.57844989940637,61.46208277496871,70.78391604087581
0,-0.08,0.23493415293210052,66.93576444629261,65.00690126859911,70.46963490511911,63.22608483690982,66.41069943765854,65.75159462206223,63.99260384038075,70.45973143472558
0,-0.08,0.23160798220187986,64.59474787597883,65.60268580786384,69.18103830183752,63.10158551580917,64.88859598673912,67.3586520417145,74.19096900704722,64.29718320688188
0,-0.08,0.22829135248404817,63.938543204770156,66.61093765636205,67.24439667963065,65.68486105137896,67.05185592240369,66.24160939066756,71.80176572763729,66.73218105373265
0,-0.08,0.22444704068723673,70.17436453508148,68.93079260134338,70.59293485220964,71.38540296798442,65.65676629161513,70.83419159606818,74.21236443169092,70.4848960311054
0,-0.08,0.2205870219122485,67.35150451248666,69.50877269630278,66.28958402667648,63.12737273255438,68.14328165772021,69.98230755710617,65.80968485093987,62.60996936462518
0,-0.08,0.21671514354977978,68.71556553218683,74.47003400056104,62.81108483129669,71.76452904917157,64.77955561566301,64.82864241873767,73.28464949768174,69.1380421088716
0,-0.08,0.21283603572070833,63.49943352126944,58.90880637224484,71.43049364105471,65.46204032504363,67.41799364853021,73.01788229266198,68.24226859854798,63.27460052317562
0,-0.08,0.20895476551512415,69.38683939105034,65.73138980251098,72.8049832695771,64.38406508808848,66.21295460772184,66.97075887419216,68.46561943575809,66.27319749358601
0,-0.08,0.20514620864199914,61.51960268930723,66.10272380408864,70.15257188026881,67.25049397686725,66.40422134923155,64.83718585565549,61.05564329346518,64.75782855887331
0,-0.08,0.2013413209563183,65.92249592568824,67.31208293395238,65.2756637853129,66.42457649001119,62.70012505349731,64.52790408556831,64.71220944172572,66.92542459205725
0,-0.08,0.19754051597550049,66.17817428681059,64.11943021336523,67.72025662816749,70.06098700906738,66.82664848234887,59.81643455012762,67.17555923051205,68.06556652485276
0,-0.08,0.1937438754129678,62.264949155519986,68.67016725694705,67.1987952486582,66.0416386950597,67.14067176444311,69.4800343468001,65.5838274862172,67.22290650265604
0,-0.08,0.18995117584405133,63.77346436847521,66.92392091198626,64.79948744936195,65.94581738449352,65.61355996490704,65.42429256556,66.35881508293947,64.1314483538202
0,-0.08,0.18616193230815395,65.19709356557614,67.5813260660889,69.3950587500738,63.76331192728715,68.33592167011284,67.22206230956188,64.16984820721959,64.41824439819462
0,-0.08,0.18237545615028597,70.19576620886389,66.70960406753949,69.97552261906671,71.98004390339435,66.6626964345138,69.69047277139768,71.75811348111341,69.95281456393279
0,-0.08,0.17859092121075879,67.6577074901461,67.59892859334579,67.71889411249724,69.2196705177232,65.09580340386391,65.30423844828839,63.83837627105992,63.468323520594105
0,-0.08,0.17480743673880567,65.29998339192213,68.33011186604054,70.23609219302186,67.55461996893303,63.8377322149125,75.32511601622082,65.1584374162885,60.997507311106034
0,-0.08,0.17102412403732617,64.86728033107745,68.58689546782554,66.19336563209917,63.112785180677676,66.37795500138468,61.242530075071926,66.07284075718509,66.40226064588029
0,-0.08,0.16724019673455348,77.00053387585811,79.15321395930475,67.87421815851695,65.7585981202268,64.53803981356015,64.80114124707464,66.40066326001417,68.4099494354058
0,-0.08,0.1635475869295145,94.04306878453032,105.07920181514814,70.12774089479424,67.15057493708784,64.02659310669175,70.53575778830758,66.4659684015476,65.24676606041918
0,-0.08,0.16161642063675047,116.04335064855943,116.54092739082131,66.88724733572967,64.48141253598861,69.90022060245404,69.18536969270204,64.00790539218694,68.58856438198099
0,-0.08,0.15977181402342167,118.08526479717419,141.48350938632137,65.30038747775649,66.22910913656324,65.09777649516971,74.82587857980471,66.11190292258647,68.78511117968426
0,-0.08,0.15497374974951506,187.6864858894783,212.6673973674905,65.87105382861003,64.66583730684063,63.37563486127143,66.351081556447,61.97110225575264,70.44824757935382
0,-0.08,0.15164439908871494,282.45426523150337,334.6249464055816,71.92285253271932,69.35795826730183,66.77789683650569,67.66824112771644,68.86664476275665,65.58813696500367
0,-0.08,0.1483202727245397,488.103930053348,782.7308476297416,64.84187845917491,60.06796902205669,68.21324659394313,68.05341280686167,64.47141222398757,72.70686718193173
0,-0.08,0.1485043272630239,363.55201978433956,386.0156495328462,70.44873455657752,61.89877014508838,68.53108886606506,64.11303051347842,64.63258524964311,73.63904586813312
0,-0.08,0.14469057543241526,1336.1417061373897,1536.958065635294,68.75919532999299,65.85989046285437,59.97747797157029,69.07473970592244,65.40580790370947,104.52040433788122
1,0.0,0.3315173960899965,64.81505008331384,73.56748608997464,67.90408101211985,68.04159709332556,68.54223158623428,67.1369086526683,68.7327261893151,69.11784339791994
1,0.0,0.32987831348513025,70.23107386931568,70.43527228379133,69.02101842584366,61.29728898780191,65.95714596192636,73.08131142141646,74.0604337323051,60.559680601489355
1,0.0,0.3280547085242952,63.35419002122878,69.798983157386,66.20331292906276,64.73278012017289,65.5568915085403,68.66712315601912,67.82906053925753,65.68534023400352
1,0.0,0.32911105875751173,68.87320304391052,61.68205751552601,63.72386403758551,70.96378787376953,65.16156183934693,63.279390440676664,70.19736334742579,68.2701636273471
1,0.0,0.32867510283685564,66.13627620292623,70.21082246286771,66.52866599172984,69.50940975721694,69.25773879387576,67.88211183732176,64.70221713960088,68.6401357204972
1,0.0,0.32479482127453385,66.0883911234001,63.521779055326256,65.31759264979787,63.04423063995532,63.87606087109779,65.84328507542318,67.3154666698808,66.87188991269002
1,0.0,0.3208898906675674,74.45328265962246,61.998572014293195,65.3086038602395,73.81146963799529,65.01758507337426,65.06877977577487,69.64624935036782,70.63946662219782
1,0.0,0.31695771124486977,66.99738691760977,68.26034876982263,68.35210517365232,66.54950851599567,66.39153303697076,64.74973897802987,66.33955472176343,64.40611796335381
1,0.0,0.3129983679659866,70.75367020945798,68.02390821243556,64.91985189166519,67.78927015839106,67.70908412236231,68.80845860396224,63.47575840816592,71.90290802728666
1,0.0,0.30902055982830445,67.88816819539042,66.42068704319543,68.01454462945482,70.90148582046437,68.80933976306818,65.16789976349143,70.83695986883258,67.18266460689614
1,0.0,0.30526143896941493,66.85478274466098,72.91183415767375,69.36174518504981,68.50358849617216,66.56632957067457,70.0294095150026,65.5320582895335,65.71837992203676
1,0.0,0.3014973248647817,65.96296616578792,68.69980066005449,72.61537702166369,67.88002375475062,65.66359775612456,67.6630029007079,69.73785326040435,67.6772305632599
1,0.0,0.29772835942256026,63.12315416781499,63.42699864339632,72.61328185355407,69.1588601521558,65.71994093109994,63.80051181709887,72.88812715076284,64.15090680862663
1,0.0,0.2976628214282126,64.5649471996903,66.18430740998946,70.0124368894253,72.44816510991657,65.80813361262032,69.98426094453501,73.29464230945818,68.16471723432582
1,0.0,0.2974524086922813,70.28467909632232,65.22922220652782,70.6688450677464,70.1799484363189,64.68631487522372,68.47400217562092,70.21804052769531,61.50285862789802
1,0.0,0.2918318357448144,69.72434969629474,62.23253466457559,65.69419088228788,62.27024448699909,64.91214066964606,63.60946196765908,67.44598576815648,67.40348965526023
1,0.0,0.28608592032343155,69.06347870600017,68.61626087712851,65.05480864912752,68.47561726853016,65.60529284468976,71.17596003734128,67.40786743529675,68.94424472157279
1,0.0,0.28322771224148047,71.2192230998467,68.31520450943454,72.207486360439,67.50880361449039,71.49281540478559,64.84816414626574,67.93182531735651,65.96422135035017
1,0.0,0.278951876904363,62.44230937020462,69.85283736968938,63.72234957611921,67.8565236392997,68.52005960622905,63.90811990557725,67.11005132848474,71.53820923805928
1,0.0,0.2746530518812772,67.92292721426281,62.82189718957464,67.98294986035289,61.35301525633267,69.39236701055462,63.47932345287916,68.42637045268259,69.66208885076199
1,0.0,0.270876919382814,61.26114815137732,63.20819444988412,69.91794083766682,70.14842459596348,69.11853459445423,62.436980128776774,69.50812035246963,66.1026280257563
1,0.0,0.26710844979573994,65.21711914238072,69.99917457773974,67.3102086106497,63.04698493516551,66.45187710358339,60.099396428285395,60.42537645813429,66.89875204152885
1,0.0,0.2633464335843433,66.64698397396701,69.30080044229847,66.09298731487394,67.2102405270986,67.03161025557789,70.84540541739035,70.45094979599043,70.95509006231059
1,0.0,0.25958909013447756,65.68988278945085,70.43350420369437,64.21933773585387,72.50758555001505,65.1330507456922,67.89610109518527,70.38816638244114,63.674680119716115
1,0.0,0.2558341796931809,65.85851632514542,66.63052095859014,69.47805270958402,67.86606792216523,64.01680508039556,67.45223149039157,64.10645634639609,65.43125810826808
1,0.0,0.25207912592960446,60.60168812270349,75.9990220888159,62.980971085655945,69.21091013485164,66.17045047012301,65.95317249462859,67.09186914311299,63.04033494799962
1,0.0,0.248272105962407,69.09591394009968,69.68970094125926,71.45823688766404,60.51314287584227,69.94329273838268,65.47572674014201,74.25597078657734,70.33483027137018
1,0.0,0.2444623969509815,64.30411361048691,65.34792180443344,68.9382071948876,70.6548090004266,73.32782041538196,70.87382950134547,66.5792596042413,69.69767650083419
1,0.0,0.24065030777614355,66.39821695417541,70.5173248222888,64.27879738892935,68.11025086375085,67.47119078869753,63.20177119214129,74.2623546295994,70.59879956487337
1,0.0,0.23683623056407352,68.18989810706987,66.19078016553388,63.83016947104607,71.39091419602742,66.48758647299418,67.57630189921298,67.30259883397488,62.55375324664799
1,0.0,0.2330206459810276,66.35063316133044,62.01494480466698,65.9999499627441,66.81524204501406,72.30160970556858,62.14506863870923,61.81483874300116,70.61299114939428
1,0.0,0.22920412251858777,70.28468885051342,68.91121527760598,68.47164081880756,64.88151539515185,62.556838743745125,66.0893010212367,73.08075329936943,65.54460220183114
1,0.0,0.22538730744120034,64.750919879087,66.21954230714437,64.5726883155095,66.30722748755389,64.18913720128297,65.86022350921483,66.56716252188913,63.98366709505021
1,0.0,0.22157091903793197,56.04013993878939,60.28616640808438,68.48645796835247,68.84542451274301,72.5850702327351,65.7588116235546,67.20232550090655,68.98343024477518
1,0.0,0.2177557077993899,65.92279483674892,68.01392528032528,64.56641170582348,65.20804192663596,60.26913213765639,66.60774814762173,66.29876894835951,69.86473606634391
1,0.0,0.21394242511678763,66.81441352740174,67.1660068130048,66.47256013757017,70.60604390493864,67.266608811245,70.49167851205046,71.53618867996514,65.97195720367596
1,0.0,0.21013179461464795,62.888644290863965,68.9133121044067,62.43664014527368,66.9759634538953,73.53305881933179,65.27664940295952,65.24689320808072,66.70949362864667
1,0.0,0.2063244770084263,65.65242234563254,69.1577734183396,69.22336880917481,70.00564979113065,63.04324338436628,66.4465200744369,60.59430367642784,68.86197520385431
1,0.0,0.20252103738992885,71.88873339506542,69.95192568477297,66.58534208875723,68.6158682402502,68.4490248721964,71.35472892087458,63.26580766522301,68.3140898539537
1,0.0,0.19881175254673863,68.42830129232395,70.84382649777997,64.48718663687526,66.05629220088032,73.200998001422,73.4299051732841,73.13561501303165,66.61595381777066
1,0.0,0.1968878289686938,70.7807719691668,62.13351569135825,72.8183925414157,66.65736141975448,63.86288606228752,67.85723649062592,64.0398929194582,67.61961380455442
1,0.0,0.19505698319011325,70.006954306222,67.73048783629442,68.15776782378211,65.96393109929244,70.36882710292107,61.92860047808459,67.62549500479334,67.66680448917668
1,0.0,0.190249823518174,66.55500137205657,62.97311395544433,63.588308846491856,63.07754029908079,65.65474806916075,71.17500416556133,69.01249930940635,62.9870278424167
1,0.0,0.1869227498516405,72.34962823577574,64.5676120776512,62.211992242351556,64.22947090942628,72.57438622678788,62.20783061996258,65.33782222576151,66.13872962921673
1,0.0,0.18360653068918822,67.79810657074057,66.61876893506333,66.91015331267134,61.74260881744181,67.59461123465786,65.18314707373398,67.53025432487753,66.30095975930054
1,0.0,0.179767521851782,64.87753800770832,72.09552765314359,71.01837940404569,72.88452825625014,69.8874045787353,63.512438087583156,69.69795496598084,67.38773075244902
1,0.0,0.17591399785675257,65.91702002862529,66.74883115153493,61.70091804096494,68.65342302564778,65.47135477858022,70.1471599769043,68.76710640383187,67.52466663926971
1,0.0,0.1720495317979725,68.03732331413005,67.6873859493333,70.11259048752144,67.72291276965913,72.41331077559587,62.61545651092826,62.960285037141055,62.426239757934205
1,0.0,0.16817847847889275,66.83734791449064,67.9588859575696,69.54158653313635,69.58583922334667,68.27880018015557,71.83593717888759,72.73885837926154,63.231204899135676
1,0.0,0.16430564235224543,63.5840540730814,65.6160955226796,63.484075642559944,67.3099016510328,66.27642556635374,70.85553416775758,64.42375122775488,69.358662041689
1,0.0,0.16049853791069088,63.57081141054887,65.73705352181118,69.98781292773796,67.5283492694727,64.77859284172523,71.4535750814029,64.00757288540507,65.01578267851926
1,0.0,0.15669529905347968,69.17434360538417,69.57447701784024,67.25164746898416,67.79704210985184,69.6379960987673,65.79015690470656,65.94402002366058,69.83770993714184
1,0.0,0.15289649510370976,66.90141340971621,99.12554303050887,66.12150705191148,68.96134403421246,63.78937078999011,68.22014917862191,72.86257150452302,64.13594070698393
1,0.0,0.1491023964971666,77.3208622956346,109.6545701734715,66.40053507428198,64.33711411401114,67.46987019092876,65.10669740755075,68.1486467867301,66.75827253688432
1,0.0,0.14531299278208945,65.5195290540403,136.75399934659652,68.78044146409744,63.65408690917028,67.2986589924579,71.60309568500635,71.5453344717571,73.50901087974135
1,0.0,0.1415280261198486,94.66222973345877,166.61907439039442,66.82804922124677,67.89129531454505,60.263626425045295,69.28067509462126,65.97704167387185,65.36063730344306
1,0.0,0.13783787841766343,101.82534705296592,210.34527930224576,64.13952494293156,65.71441280979961,69.94495455711397,69.93692026286158,65.54114313297862,61.46280018984712
1,0.0,0.13590271951410127,115.10795693236757,265.0020370222429,65.54522791181793,71.9592646743014,66.22199460726121,62.04575795040406,68.36801498193708,64.57149307062406
1,0.0,0.13405853270827553,130.13656003304632,341.29406896082367,69.91810118252445,61.783454259324834,66.83664936555799,70.38979396173936,68.44976617539358,63.061051069223545
1,0.0,0.12926078372307287,180.18550273737614,833.4865897010601,100.45671501933258,68.33352477525604,66.74565089876072,66.70013235905306,69.06047074071081,62.03676108925885
1,0.0,0.125930983851659,251.72937350277292,1941.2139719163729,128.40752613940268,70.78448939233878,68.46222207765857,65.68017990232393,68.21453894790673,63.09196563778631
2,0.08,0.3095708909007604,72.5808989231523,66.36488406326332,68.23657458012069,68.87972011500376,66.85502594833213,68.53166521067968,65.32031396474108,70.64590877090362
2,0.08,0.3079355910096259,71.73922700474,67.78745832659483,61.96824089343329,66.1668790698703,64.53034231027209,65.92750069543166,70.56334798807704,73.25696073364101
2,0.08,0.30612406260518427,69.56243835543839,68.07963188108867,65.01826622914749,67.4905150479991,70.51582263313128,70.22367500975676,65.41687537351756,71.53538929165595
2,0.08,0.3071710193584329,75.03456851370132,64.22088924606516,66.73278552698552,70.50573811642664,63.955966480107165,63.84554103921842,67.56746001147975,69.5587761107554
2,0.08,0.30674042659484774,65.23658723859369,65.62960870098715,73.85760781060219,70.72136006776373,69.00759905183273,69.16406847234525,69.70259198428734,64.88600364441147
2,0.08,0.3028849617114418,67.61546013059147,59.23828267069266,65.03035488186164,68.8517520263062,67.90573946364785,68.8273655503859,71.51358320318515,72.71807484303295
2,0.08,0.29901057057589175,63.938169349732924,60.54066819755227,66.87043151679354,62.547586049634376,65.16427023162075,68.24141733436278,73.71561541399113,64.56439113146912
2,0.08,0.29511288896097965,64.51224494105757,68.9012828751432,69.67831947414282,64.02232193397552,67.68885655376731,63.993117537049315,61.153935581219514,67.10386955145665
2,0.08,0.291190469452419,70.94683928264152,67.35650246200834,64.16432466559574,66.19732184323367,69.54330912746488,66.91591776034014,66.08951319990308,67.07985206180943
2,0.08,0.2872490033185949,71.05412734307866,65.81688734033838,69.69099583610078,64.62543340370979,65.28159304906035,68.85848470433011,68.08652098910841,66.78676554146914
2,0.08,0.2834811763983286,63.83668719255496,63.84459327581219,67.88489977160064,65.77557524518127,67.2733381863662,66.52209364152122,64.5447174662608,68.07215772674692
2,0.08,0.2797097555768113,65.2288279054189,64.22414177613217,67.05648989804651,71.83924784439156,69.69969758844886,67.72904493354481,64.3645980336443,63.55824864129515
2,0.08,0.27964174894602845,66.13193361376045,67.4866655272583,75.38188654429163,70.22768824271259,64.5494523920567,64.1619872346461,69.34248695582689,65.49597218602138
2,0.08,0.2794267730682092,67.76497290912397,71.45974248925583,67.26602783750934,70.10905235360467,70.69257597706172,66.28712998491406,65.53774763783838,69.91730233791364
2,0.08,0.27380501831561704,66.15484109283352,65.267157070866,71.19010948779133,70.22843857310419,58.641329122893744,57.44945273343225,67.17568455268325,60.77895180659387
2,0.08,0.2680562595172321,64.00042608805008,70.27985511861449,71.26429381407179,71.1136593420377,67.95482616384459,62.756649640853,64.42369654124464,61.75805621312485
2,0.08,0.2651991634919439,64.58962971726234,70.12106967909983,66.38770456159837,67.12554209035555,64.97580767460043,69.01682094662598,62.28981208772157,67.24090739247963
2,0.08,0.2609216406888874,71.64730373434239,66.89246814833812,71.36054467830284,68.5791353025323,68.08720033007948,66.03856612081493,71.3643883614776,63.17757633581854
2,0.08,0.2566202815583173,65.44213621550105,67.54939416993534,68.20716816618514,69.09705628159689,68.21349053680692,59.319592808798255,73.64325427709144,64.41045493274984
2,0.08,0.25284463660727696,63.47896880529076,71.70765486961314,63.531025850902935,63.18005836086764,68.77475164898415,75.05149480229542,62.910172947372864,63.52186822539328
2,0.08,0.24907661208203538,66.69507478379312,62.42766686197637,71.41007470531976,61.85321921658286,66.31858724015746,65.56583205403713,62.9140996699181,67.42963713860222
2,0.08,0.24531513300774166,67.50285329615177,64.51249466973445,62.89077911328699,72.26622819785956,67.85764707578453,68.5822000231136,63.11275401125713,68.26089556357205
2,0.08,0.2415584863565384,65.04126827741098,66.3781700035672,66.55694741677742,65.56559081806921,75.03646721235016,66.30779428601387,64.25738617732307,59.044133399135816
2,0.08,0.237804426561976,71.11410473049521,67.7100008368278,71.30134848191422,60.41098338485347,66.58649283159293,71.6013143442299,66.26393088300792,66.55539734685799
2,0.08,0.2340503348099874,67.61150113020099,67.49814003235907,64.65402460377932,62.30614487384112,70.138640954558,63.09610148467591,69.49765268018339,71.2926258389927
2,0.08,0.23024390377158876,67.73489687867031,61.554250494647675,57.25650440131183,64.26833480722098,66.18823720358475,67.69806388772302,69.2673060299802,77.2010955822139
2,0.08,0.22643504215977484,70.09732887777616,72.94321067175196,66.66121029978164,69.46366602473314,65.55075599667494,69.9145348268758,69.06062170576728,62.86384230417576
2,0.08,0.22262406254546507,76.0092527387978,65.04210257640344,66.24274426612097,68.42027629940308,69.29295922166752,72.62520816683545,71.07348839638573,63.67402052288998
2,0.08,0.21881133973299075,65.02376588967644,68.43766501963022,64.02112708752566,71.22275438865513,65.21910063718838,66.84650976273416,70.07822219968504,68.5526666441608
2,0.08,0.21499733481168906,61.98715222279434,62.5138079693239,71.21462302187464,72.22479399536239,59.059175970495986,65.1302437128119,70.51783280364465,68.16695563638133
2,0.08,0.211182598354777,72.12653814500196,65.44288722011251,66.15771461096328,69.19654703515104,63.95584264335556,67.47319696332663,73.1782888804439,65.86178668541345
2,0.08,0.2073677630986975,69.02084747186254,68.19490532837102,71.74574599364706,63.082211666819724,68.78449697100855,67.44652508579215,66.2843768799901,68.69788725914664
2,0.08,0.20355352675846758,65.0678952597663,66.76426936268412,68.63933476659189,66.49511325797562,62.033329738776594,68.51928586053866,70.43588649981977,60.66614921285127
2,0.08,0.19974062122425423,65.2051233350091,67.21631733388577,62.65842138541059,65.64222209775977,67.6348142034202,65.45430510742547,69.60668602603,62.91220240010218
2,0.08,0.19592979972313113,70.322197389189,65.2793202705628,63.73071200406202,67.32636384624422,77.10486947733705,73.78443952119082,68.24428271340476,69.63097908044462
2,0.08,0.19212179463721912,65.31436005260454,63.68297724822528,71.17303256493885,63.57903954418991,62.324372613791354,66.9114807193304,67.45118843855724,65.77180028823201
2,0.08,0.1884071299010895,70.18284092506094,59.591406991119236,64.41974387159077,67.91711566672319,65.61638510710952,62.53624663197571,74.90071201996359,66.346559230472
2,0.08,0.1864857584806584,66.52397677393142,69.58869395627859,68.65329537684387,70.57897501914077,64.46445118007107,63.810572131806325,69.6067636336273,69.55591822262522
2,0.08,0.1846563923047796,71.316150194137,71.7844534797403,57.13444800623366,68.04597106160423,65.04402614496787,70.25547089275518,66.47817424810255,67.90733366092796
2,0.08,0.17984838459443858,66.57226573811936,73.49102943248263,63.518147101079116,64.39106449953336,62.87384794017676,71.39020253474553,69.16802131071336,64.45914690874066
2,0.08,0.17652093324822302,63.06024449345706,68.62077202639165,64.62547627092876,66.61019489670673,62.26134647094844,70.86300997681991,64.73963285326784,66.8390438978862
2,0.08,0.17320337292833976,66.78874181972576,66.46364102546531,66.30710236371654,71.54988696834315,68.04615397585583,63.58021295226628,64.19673029458893,68.19415579960045
2,0.08,0.16936135283245793,62.8340160162269,66.93141932709096,72.26762058152224,71.34578920755062,70.19636690437653,68.77746265172146,64.67553197008449,59.81654208719058
2,0.08,0.16550415254924034,69.06916397033741,69.49486048586692,72.43291818617038,64.39736919604601,69.38680379848407,65.42946324815452,70.44528823322052,66.44862409537112
2,0.08,0.16163561170667878,69.71574526931576,67.82569279094295,69.03650260020481,62.384049427721635,67.347313688838,63.41727355545077,66.28140596045809,67.05210937517543
2,0.08,0.15776038679090604,63.66892138499625,66.42751812456916,62.313182935944084,68.96596754419699,67.56127630954887,71.34000970763775,66.8224873542415,67.39656639468167
2,0.08,0.1538835814482351,64.4524457546496,62.467705469369605,70.10134782408949,65.46082007005424,67.94988224224069,64.22993808415396,67.31575772879816,68.86305881911777
2,0.08,0.1500781537425925,68.14886548388874,64.59402065212728,65.40787052992465,68.9221330935902,69.69565134311095,67.58909961294573,71.34309488009328,67.6214696848577
2,0.08,0.1462769627581248,61.5447904590421,66.50264935028535,67.64469350279951,67.94164728865847,66.73824635015647,71.61568016333442,68.23856279300324,65.2787693459122
2,0.08,0.14248052443355294,64.0150866319592,61.12638743312916,68.40271012009914,67.70253221984686,71.2171627009628,62.60512584177634,67.97640877721331,73.90269415266494
2,0.08,0.13868904734652757,58.47182478868221,67.5008216050909,68.77105172083678,69.31087871611524,64.74877159554956,61.387091427827364,66.88019233443652,73.33034678604378
2,0.08,0.1349024573180571,70.71050185152005,65.22074435494288,64.25477017690436,70.69577922928771,71.92090835504095,67.78043264765924,69.07382797150248,69.09362147753876
2,0.08,0.131120430677707,65.98847841823088,71.01773955141573,65.54983354658461,67.99647507320364,69.657568422948,64.29747886725704,63.924228101408914,69.22132539735117
2,0.08,0.12743464687584186,62.51832390884837,69.44636576084903,69.75318188153264,61.199752066337524,62.78665471363279,72.98125126827844,69.38127009986175,59.369735731661514
2,0.08,0.1254994205033422,69.8237780129159,65.51692567707859,73.33553824082428,65.39763520284282,66.79126585040596,70.68441598804583,66.71894227078717,69.59626834602344
2,0.08,0.12365506228907612,66.50331027905028,66.18671631645678,71.65123232289245,65.76063921767374,71.3164950938932,66.67795282911415,64.79125233642668,70.74853274837626
2,0.08,0.11885962943577785,71.77565742645271,72.62505738766059,68.62849383969557,66.87119354133901,68.08030429235068,67.343239990532,67.24263939118673,66.01693517122769
2,0.08,0.1155305783931884,72.45093065159118,66.23445211214379,62.38660436585142,70.80284546002657,64.61101929014484,69.77267629790917,64.0473302209077,61.04604978096225
2,0.08,0.11221201510052979,67.12527302348366,64.89437403311612,64.72238904844282,70.47971999434819,61.51530596703764,74.1664433731067,65.22807061429914,66.47888860194708
2,0.08,0.1083755894893625,68.14668203102015,64.35899775304671,67.29493734112728,65.35234915038575,62.86451013426253,71.13087330263613,69.31375771534834,66.35460709337676
2,0.08,0.10452533975217242,66.49054290246737,70.78357833158468,68.05048008300017,66.04490848489475,64.45518785108295,60.877169113577835,67.52128182182727,67.22725473291304
2,0.08,0.10066524083090511,65.9087487992576,67.69060936959994,68.5527847773654,65.84368468316121,63.77309871101356,69.05093368199108,67.98109261056646,62.10366317495114
2,0.08,0.0968001035387779,60.095369776970145,72.57602653185172,64.7687849273191,67.61053879294455,62.370784694837766,66.55701185854446,64.03144068148057,65.44277953526068
2,0.08,0.09293522061629676,66.11577476175367,85.06621148101605,69.03603426820253,73.14044601038852,60.957595807521145,67.63188047014151,67.1585585251427,68.46030424674457
2,0.08,0.09285599879653517,71.2692669679917,77.60992165677219,72.39702576749677,72.0263353946636,64.95857593866201,70.52352994830574,65.1347180080225,63.49567385503132
2,0.08,0.09263508027610794,72.08946758338259,69.70233892264643,70.69150228095106,65.71168534027005,63.84183957648951,69.71387764837057,67.21259779816536,70.83222311911281
2,0.08,0.08701696749552701,65.21235364261173,97.61294191661366,83.3401761434431,68.93207545315272,67.07785597631404,67.13998353488944,64.59272233128186,65.00857793022014
2,0.08,0.08128058866539456,66.80794100064286,115.39633914030325,106.28071755919566,67.72086743019103,63.89016655737958,69.04819495444649,67.55309784970258,64.21750322123538
2,0.08,0.07842472519441572,67.0104657353817,121.18765127038601,111.2139769304215,68.01638635977517,68.86624012377216,66.67808453344574,67.55999304310726,69.72702246456319
2,0.08,0.07415384234082813,64.34683153052933,129.58404389312275,111.36200597596476,67.69488271009148,68.54686938515485,68.3186847688892,65.91741833633499,70.09617684347124
2,0.08,0.06986292532468144,73.36619186420889,150.79607974114265,131.63527713703613,62.987120600504944,70.19263723284288,66.07473819725148,68.20356385886899,68.73194762693588
2,0.08,0.06609678502349794,68.09460372579622,171.11266235942063,144.50762867752144,63.461509024502746,67.30169222749221,67.26031522610458,66.68579139877976,69.93256830212417
2,0.08,0.06604317864845255,66.90906430526735,155.9867469901582,166.06381332304173,68.48680537687864,66.45703200813888,66.0700845456348,70.3222524445919,68.5362131908958
2,0.08,0.06585270303589365,60.49759931296574,159.57389950184293,165.5381845514175,62.905612342507254,64.5740921763083,67.5403277591416,67.05815234729322,62.776267948811764
2,0.08,0.060222920143816874,56.39035895704523,211.55267757031032,209.63359629748157,66.95792409985742,69.29565498583995,63.026014113094604,64.5321552408198,63.3709121794608
2,0.08,0.054481150200441836,68.81042550145136,255.96731937106264,245.96312254357758,64.02032165792792,66.61691067335296,68.77533415115617,64.50120508792199,70.39928887329545
2,0.08,0.051635720089088254,69.5314417447669,292.2704871150588,291.2957691986416,66.94249816124189,67.87429026003022,61.439730445126195,63.16908681199314,62.82227525363105
2,0.08,0.04737322948087322,72.37545014382782,368.7317388740519,362.93393999144934,69.65319653890766,67.42770280526366,64.7410944143244,63.94086592485649,62.75583226364553
